tarpon,5.031444822,107509
wolf_spider,3.773567049,5937
brown_creeper,4.102159183,12652
gull,5.752741229,565902
giant_squid,4.315949365,20699
chub,5.04901246,111947
ibex,4.825581891,66924
blowfish,4.318710119,20831
neanderthal,5.277664214,189524
chambered_nautilus,4.256429082,18048
sled_dog,4.272584149,18732
stickleback,4.631778493,42833
reed_bunting,3.239549721,1736
bird,7.119400245,13164375
starfish,5.312262006,205240
border_collie,4.254982879,17988
housefly,4.601712417,39968
bittern,4.910875092,81447
daschund,2.340444115,219
peahen,3.975431809,9450
theropod,4.335778739,21666
kingbird,4.668311353,46592
locust,5.795195029,624015
hummingbird,5.352031937,224922
axolotl,4.371381919,23517
tyrannosaurus_rex,4.39119984,24615
ocean_pout,3.064083436,1159
razor_clam,3.698709349,4997
pike_perch,3.604226053,4020
yellowfin_croaker,2.536558443,344
sea_lion,4.973931017,94174
argali,3.941511433,8740
potato_beetle,4.393820795,24764
turkey_buzzard,4.088277876,12254
flathead_catfish,3.548143637,3533
jaguar,5.702579584,504173
collie,5.33323965,215397
gyrfalcon,4.157335862,14366
redfish,4.53444496,34233
crawfish,5.106731303,127859
gray_wolf,4.842109763,69520
olive_ridley,3.581608366,3816
triggerfish,4.088455045,12259
tripletail,3.022428371,1053
vizsla,3.534026106,3420
filly,5.220678052,166218
bullhead_catfish,3.183554534,1526
omnivore,4.366591039,23259
jay,6.553945134,3580512
mealybug,4.332902806,21523
redwing,4.548794652,35383
tomato_hornworm,3.3872118,2439
mockingbird,5.108064146,128252
walleye,4.872348602,74533
queenfish,3.507855872,3220
black_mamba,3.795462894,6244
medicinal_leech,3.654753933,4516
hippo,5.321687476,209743
teleost_fish,4.074304344,11866
boxfish,3.395326393,2485
elephant,6.363660295,2310257
fox,6.849727181,7075012
termite,5.269814044,186129
pinto_horse,3.498172661,3149
grasshopper_mouse,3.579669294,3799
trapdoor_spider,3.255031163,1799
kangaroo_rat,4.439364278,27502
tabby_cat,4.138807765,13766
yellowtail_flounder,3.370142847,2345
pipistrelle,3.718667735,5232
woodchuck,5.028713554,106835
red_shouldered_hawk,2.161368002,145
flatworm,4.288226862,19419
musk_deer,4.102090526,12650
coyote,6.007340169,1017045
ladybug,4.670032365,46777
brachiopod,4.50551626,32027
flatfish,4.54863506,35370
vertebrate,5.826895944,671268
gander,5.208849659,161752
collared_peccary,3.836387419,6861
hermit,6.014281485,1033431
planaria,4.481729197,30320
mola,4.831914545,67907
roach,5.68899257,488644
ermine,5.403002061,252931
bonito,5.132586248,135702
diamondback_rattlesnake,3.76856411,5869
lion,6.723957079,5296111
nightjar,4.251784177,17856
chickadee,4.985974049,96822
gypsy_moth,4.797094343,62675
bee_moth,3.113274692,1298
killer_whale,4.654523069,45136
huntsman,5.42222367,264377
doggy,4.866151416,73477
common_scoter,3.06483222,1161
inchworm,4.043833654,11062
orchard_oriole,3.971043792,9355
bluefish,4.865121749,73303
devil,6.932462856,8559785
gerbil,4.725674828,53171
silvertip,4.073681699,11849
mallee_fowl,3.171433901,1484
ram,6.409241758,2565912
nyala,3.931864513,8548
firebug,4.045362103,11101
cuckoo,5.697029591,497771
osprey,5.121320145,132227
polecat,4.721843577,52704
borzoi,4.554864538,35881
hog,6.119184601,1315784
ortolan,4.257246465,18082
snapper,5.33162567,214598
leatherback_turtle,3.60238559,4003
pig,6.611542969,4088302
fruitfly,3.750739751,5633
guan,5.040420357,109754
musk_ox,4.393452355,24743
sable_antelope,3.773127924,5931
flea_beetle,4.166755639,14681
snowy_owl,4.321846883,20982
helminth,4.602038276,39998
carabao,4.497496351,31441
fox_squirrel,4.200522192,15868
vireo,5.0841686,121386
harpy_eagle,3.85388065,7143
lake_trout,4.874510808,74905
mink,5.673333376,471339
carp,5.675990856,474232
liger,4.050495759,11233
thylacine,3.922621672,8368
suckerfish,3.288919606,1945
clam,5.762969496,579388
bronc,4.748877697,56089
downy_woodpecker,4.257750551,18103
guinea_fowl,4.534114988,34207
prawn,4.821605225,66314
grasshopper,5.629313758,425906
snailfish,2.563481085,366
cottonmouth,4.341177235,21937
brown_bullhead,3.732152418,5397
stonefly,4.195124423,15672
seahorse,4.578925589,37925
banteng,3.767971721,5861
raven,6.2387933,1732979
amphioxus,4.795490715,62444
agama,4.369605434,23421
hooded_merganser,3.923295841,8381
horned_lizard,4.00838723,10195
dik_dik,2.927370363,846
narwhal,4.566732029,36875
hen,6.445523252,2789480
whitefish,5.146025654,139967
shar_pei,3.145196406,1397
honeycreeper,3.951191758,8937
tunny,4.668302032,46591
racehorse,4.885779479,76874
coney,5.456754598,286256
butterfly,6.225709011,1681547
cobia,4.079000252,11995
barnacle_goose,3.717420837,5217
pygmy_marmoset,3.296445794,1979
hairstreak_butterfly,2.63748973,434
gorilla,5.657093158,454039
bloodworm,3.581380689,3814
nightcrawler,3.735279448,5436
puppy,6.031090808,1074214
fisher,6.604154313,4019336
rainbow_trout,5.20135342,158984
tsetse,5.00634622,101472
sandfish,3.08278537,1210
standard_poodle,3.692935003,4931
lacewing,4.033101937,10792
wood_thrush,4.477439621,30022
megalodon,3.757244151,5718
cassowary,4.509296632,32307
gnatcatcher,4.279187678,19019
toy_poodle,3.848497018,7055
yellowtail,4.616800981,41381
lungless_salamander,2.56937391,371
lioness,5.259252138,181657
serval,4.063445953,11573
oarfish,3.272073788,1871
king_crab,4.414438502,25968
shipworm,3.83231727,6797
shorthorn,4.765720697,58307
muntjac,3.853393977,7135
prairie_grouse,3.475816413,2991
zebu,4.489466281,30865
timber_rattlesnake,3.743744879,5543
billy_goat,4.54174145,34813
bunny_rabbit,3.944334592,8797
cattle_egret,3.895533039,7862
ungulate,4.567931673,36977
rattler,5.068363997,117048
pit_bull,4.634195038,43072
soupfin,3.175511813,1498
woolly_bear,3.630427875,4270
tortoise,5.793371249,621400
bullock,5.849378255,706933
moth,6.090354709,1231274
whooping_crane,4.384317565,24228
krill,4.835563752,68480
miniature_pinscher,3.437909036,2741
loggerhead_turtle,3.809559715,6450
pomeranian,4.660115721,45721
salmonid,4.395798006,24877
mason_bee,3.181557774,1519
cocker_spaniel,4.633518952,43005
titanosaur,2.995196292,989
tiger_shark,4.132771829,13576
mountain_lion,5.028693228,106830
colobus_monkey,3.672744198,4707
gibbon,5.914347918,821009
indigo_bunting,4.14088498,13832
jack_mackerel,3.799202656,6298
bobwhite,4.688704512,48832
dairy_cow,4.530340597,33911
golden_labrador,3.126131407,1337
caterpillar,5.827004623,671436
wolf_pup,3.592620821,3914
waterbuck,4.173098818,14897
mandrill,4.136657162,13698
hummingbird_moth,2.814247596,652
grizzly_bear,5.176441449,150121
spitting_cobra,3.504334912,3194
myna_bird,3.346352974,2220
yellow_warbler,4.3622185,23026
wild_boar,5.267131818,184983
anglerfish,3.884115362,7658
wether,4.795713216,62476
tree_shrew,4.006808208,10158
toad,5.885895277,768945
staghorn_coral,3.398981067,2506
albatross,5.400415368,251429
pterosaur,3.982904118,9614
man,8.405828989,254582759
humanbeing,2.916980047,826
culex_pipiens,4.111766433,12935
scoter,4.399864008,25111
rusty_blackbird,3.695306522,4958
impala,4.829220123,67487
metazoan,4.493444109,31149
wiggler,4.325495139,21159
dormouse,4.707697891,51015
turkey,6.767768346,5858256
aquatic_mammal,3.378761175,2392
paddlefish,4.051152522,11250
takin,5.341377142,219471
mourning_dove,4.659773629,45685
woodpecker,5.589297111,388416
lyrebird,3.674217946,4723
dragonfly,5.102978804,126759
jack_russell_terrier,3.893095666,7818
forest_tent_caterpillar,3.639087871,4356
yellowthroat,4.202570046,15943
yearling,5.284110253,192358
porpoise,5.233392128,171156
cricket,5.980349759,955762
coonhound,3.757320097,5719
glider,5.430104094,269218
blue_marlin,4.164858247,14617
adelgid,3.720737977,5257
fawn,5.733247034,541062
pollywog,3.805024844,6383
ape,6.012398914,1028961
jackass,5.155190236,142952
wireworm,4.037267095,10896
cowrie,4.714539311,51825
spearfish,4.403977964,25350
steer,6.135401417,1365845
elver,4.059676994,11473
amoeba,5.301420685,200180
kid,6.77461447,5951336
tyrannosaurus,4.715727646,51967
saluki,3.872564143,7457
camel,6.123051541,1327552
smooth_dogfish,3.336059278,2168
blacktip_shark,3.009025742,1021
broadbill,4.008003672,10186
giant,6.832324809,6797118
aphid,5.242866779,174931
baleen_whale,3.734399743,5425
barnacle,5.087781418,122400
cairn_terrier,3.671358003,4692
kitty,6.173940819,1492591
sturgeon,5.528554209,337718
ocean_sunfish,3.480006943,3020
spring_peeper,3.644635504,4412
marlin,5.406778551,255140
german_shepherd,4.916911691,82587
flamingo,5.26212584,182863
amphipod,4.311690301,20497
songbird,4.736396502,54500
puma,5.219539994,165783
tetra,5.180031204,151367
fisher_cat,2.897077003,789
dalmatian,5.045025522,110924
papillon,4.715694216,51963
bass,6.631500792,4280562
sheepshead,4.603988314,40178
ormer,4.068964666,11721
sockeye,4.719331287,52400
doberman_pinscher,4.046963154,11142
coho,4.819958292,66063
lab,6.5534405,3576354
anteater,4.649130322,44579
heifer,5.482151541,303495
goat,6.365838461,2321873
duckling,5.160282408,144638
darter,4.926851569,84499
kiwi,5.053481804,113105
daddy_longlegs,4.02362279,10559
crayfish,5.429524579,268859
fly,7.029176525,10694895
angora_rabbit,3.401055726,2518
thoroughbred,5.421371912,263859
bumblebee,4.871660486,74415
racoon,4.426446194,26696
speckled_trout,4.309374625,20388
butterflyfish,4.010299957,10240
blenny,4.144636468,13952
jewfish,3.952986065,8974
snow_leopard,4.447033929,27992
aedes_aegypti,4.464474643,29139
comb_jelly,3.301464073,2002
boxer,5.83892776,690125
kelpie,4.352857562,22535
beluga_whale,3.65195607,4487
eagle_ray,3.432488256,2707
cattle,6.991457032,9805213
superbug,3.253822439,1794
stinkbug,3.643255225,4398
redhorse,3.94319763,8774
beaded_lizard,3.415140352,2601
chow_chow,4.015485498,10363
mustang,5.55104113,355665
gazelle,5.345203116,221413
gunnel,4.370772072,23484
joey,5.970347341,934001
mahimahi,4.289588953,19480
penguin,6.25042049,1780002
staffordshire_bull_terrier,3.283074975,1919
froghopper,3.260071388,1820
ocelot,4.575799584,37653
marabou,4.360233561,22921
bunny,5.809424355,644799
king_cobra,4.108598846,12841
ibis,5.479517727,301660
ringtail,4.193764433,15623
landlocked_salmon,3.990205615,9777
pewee,4.606596309,40420
apple_maggot,3.920592862,8329
leopard_shark,3.399154334,2507
louse,5.516622621,328566
buzzard,5.410097009,257097
finback_whale,3.445292769,2788
poison_dart_frog,3.110252917,1289
bull_mastiff,3.228913406,1694
chimaera,4.5937954,39246
serpent,6.380056316,2399144
sea_scorpion,3.189490314,1547
hornet,5.480810076,302559
gray_partridge,3.499549626,3159
rainbow_lorikeet,2.826074803,670
cottontail_rabbit,4.146283113,14005
tautog,4.051306911,11254
oxen,6.165281134,1463124
spadefish,3.56014584,3632
smallmouth,4.722502298,52784
mongoose,4.984473304,96488
hawk,6.384581525,2424273
mirid_bug,2.403120521,253
guinea_pig,5.672205032,470116
scallop,5.206922975,161036
western_lowland_gorilla,2.980457892,956
cottontail,4.891213986,77842
upland_sandpiper,3.598899887,3971
midge,5.306665164,202612
harrier,4.96261554,91752
wriggler,3.515741417,3279
cowry,4.361293324,22977
lesser_scaup,4.078855403,11991
loggerhead_shrike,3.92158244,8348
theropod_dinosaur,3.331832044,2147
redear,3.635383204,4319
lamprey_eel,3.392169149,2467
robin_redbreast,4.226780287,16857
great_dane,4.611680832,40896
schistosome,4.29194575,19586
gnat,5.259366878,181705
grouper,4.929434253,85003
lamb,6.675464877,4736580
merlin,5.872375405,745376
prairie_rattlesnake,3.508664363,3226
tobacco_budworm,3.808616035,6436
plesiosaur,3.942652812,8763
human_beings,6.760294061,5758297
psyllid,3.908753019,8105
roseate_spoonbill,3.864629725,7322
spanish_mackerel,4.194486591,15649
tamarin,4.401762302,25221
parrot,5.921096266,833866
jackal,5.364676669,231567
killdeer,4.643788138,44034
imago,5.357071114,227547
bloodhound,4.961463809,91509
agouti,4.729480673,53639
flounder,5.421176002,263740
hawk_moth,3.721068302,5261
spectacled_caiman,3.134495856,1363
meadowlark,4.767326581,58523
whippet,4.388758188,24477
rainbow_smelt,3.489817908,3089
chinchilla,4.820615189,66163
fiddler_crab,4.015108161,10354
eel,5.818212033,657979
bufo,4.926512221,84433
stargazer,4.403377932,25315
kudu,4.528312379,33753
widgeon,4.521621817,33237
weevil,5.384708161,242498
earthworm,5.194813943,156608
tasmanian_devil,3.998477303,9965
myna,4.14016223,13809
pine_grosbeak,3.934548948,8601
shrimp,6.17749985,1504873
elkhound,3.727215821,5336
lepidopteran,4.268882059,18573
howler_monkey,4.099024216,12561
microbe,5.282184653,191507
archosaur,3.267640982,1852
hagfish,4.308051921,20326
bearded_vulture,3.401745082,2522
mule,6.274039557,1879488
golden_shiner,3.677333151,4757
bruin,5.038318077,109224
hoopoe,4.558948446,36220
walrus,5.417803723,261700
dodo,5.223345353,167242
ruddy_duck,4.017200344,10404
anhinga,4.258254054,18124
mamba,4.535952027,34352
snoek,4.138049944,13742
turtle,6.229758099,1697298
sea_urchin,5.139233459,137795
bulbul,4.452660283,28357
skua,4.467193589,29322
whitetail_deer,4.169880073,14787
cow,6.679047222,4775812
beefalo,3.42111013,2637
vulture,5.633869236,430397
bullhead,4.69707234,49782
waterfowl,5.501579556,317380
reticulated_python,3.436480695,2732
sea_anemone,4.494182433,31202
linnet,5.125637388,133548
pygmy_sperm_whale,3.195622944,1569
pit_viper,4.117933835,13120
t_rex,3.470263447,2953
lion_cub,4.086003706,12190
spotted_sandpiper,4.119717659,13174
crab,6.158116322,1439184
waxwing,4.393820795,24764
sapsucker,4.44479401,27848
heron,5.802004309,633876
cockatoo,4.779942635,60248
mite,5.792850258,620655
puggle,2.515873844,328
firebird,4.943746709,87851
homo_habilis,4.511415407,32465
emperor_penguin,3.950948714,8932
basset_hound,4.252003021,17865
zebra,5.561689192,364493
pouter,4.330697798,21414
common_yellowthroat,3.761927838,5780
starling,5.492662627,310930
woolly_rhinoceros,4.00479411,10111
sandfly,4.235578943,17202
sea_turtle,4.691797355,49181
weimaraner,3.94605906,8832
water_moccasin,4.09895506,12559
saber_toothed_tiger,2.130333768,135
hippopotamus,5.258390618,181297
peckerwood,4.006508828,10151
spaniel,5.358528738,228312
tawny_owl,3.717337583,5216
popinjay,4.41204033,25825
copperhead_snake,3.478710756,3011
blue_catfish,3.617105231,4141
leatherback,4.259975928,18196
pygmy_elephant,2.854306042,715
eaglet,4.399344848,25081
koala_bear,3.800717078,6320
bryozoan,4.361293324,22977
garter_snake,4.507235007,32154
wombat,4.477613176,30034
frogmouth,3.338057875,2178
nilgai,3.702861171,5045
skipjack,4.675750854,47397
char,6.135383293,1365788
peregrine_falcon,4.543211019,34931
bengal,6.038288652,1092166
whale,6.338615042,2180796
jerboa,4.25173553,17854
cetacean,4.605164929,40287
green_lacewing,3.351022853,2244
geoduck,3.676053125,4743
greylag_goose,3.466422722,2927
dwarf_hamster,2.967547976,928
dingo,4.772285025,59195
conger_eel,3.880642126,7597
miniature_pony,2.487138375,307
lorikeet,3.83193373,6791
wheatear,4.04402991,11067
trumpeter_swan,4.06807449,11697
pollack,5.46893338,294397
coral,6.331696294,2146329
swiftlet,3.509336958,3231
miniature_poodle,3.632963168,4295
macaque,5.029237635,106964
kea,4.966564084,92590
monitor_lizard,3.840043331,6919
limpet,4.770476442,58949
pine_siskin,3.898780013,7921
titmouse,5.029777306,107097
hexapod,3.813647695,6511
bobtail,4.557471109,36097
darning_needle,4.153143857,14228
bellbird,3.644733927,4413
shepherd,6.542772537,3489575
pilchard,4.380066453,23992
silky_terrier,3.322012439,2099
caiman,4.673592214,47162
blacktail,4.381421958,24067
redtail,3.929316727,8498
ray,7.101131995,12622111
skink,4.513537208,32624
chimp,4.983833689,96346
horse,7.396710537,24929326
tilefish,3.870696458,7425
martin,7.197270852,15749648
betta,4.557651542,36112
little_brown_myotis,3.102090526,1265
murre,4.321826184,20981
whelk,4.455986239,28575
bettong,3.09482038,1244
gaboon_viper,3.417803723,2617
tiger_salamander,3.909127942,8112
vole,5.130533176,135062
bald_eagle,5.076851533,119358
hognose_snake,3.563836919,3663
vermin,5.627094338,423735
spotted_owl,4.665280727,46268
capuchin,5.127784876,134210
lhasa_apso,3.819478128,6599
shortfin_mako,3.108903128,1285
goldfish,5.475262847,298719
rhino,5.286768493,193539
indigo_snake,3.550595207,3553
moorhen,4.104691919,12726
puff_adder,3.829303773,6750
weasel,5.598789413,396999
pinscher,4.246941512,17658
skunk,5.613026358,410229
spiny_dogfish_shark,2.374748346,237
monarch_butterfly,4.396077239,24893
gannet,4.611680832,40896
capybara,4.21769446,16508
pullet,4.854646055,71556
viper,5.482042773,303419
gall_wasp,3.720737977,5257
king_mackerel,3.941063988,8731
rattlesnake,5.648320972,444960
wood_pewee,4.109882143,12879
whiptail,3.967735132,9284
whitebait,4.247359422,17675
brown_trout,4.841459584,69416
sperm_whale,4.959623243,91122
legless_lizard,3.1430148,1390
yellow_labrador,3.517195898,3290
arthropod,5.145550661,139814
bear,7.366226929,23239508
pinniped,3.959232249,9104
dolphin,5.864843201,732560
merino_sheep,4.467519314,29344
wahoo,4.79787665,62788
cottonmouth_moccasin,3.324282455,2110
muscovy_duck,3.850033258,7080
winkle,5.446175104,279367
cephalopod,4.511174549,32447
proboscis_monkey,3.561935763,3647
grackle,4.526597709,33620
terrapin,4.968767715,93061
dragon,6.477683302,3003885
deerhound,4.134368385,13626
mammal,5.780123529,602731
striped_marlin,3.731588765,5390
quagga,4.259689423,18184
peregrine,5.460870792,288982
tadpole_shrimp,2.963787827,920
feline,5.559176205,362390
chaffinch,4.463728792,29089
corncrake,3.852845818,7126
sandbar_shark,3.108226656,1283
bee,6.523935877,3341457
sprat,4.876979498,75332
bullfrog,4.957559402,90690
falcon,5.93662582,864223
bengal_tiger,4.254403046,17964
deer,6.706983738,5093118
brachiosaurus,4.0553401,11359
gallina,4.504375701,31943
springer_spaniel,4.063220736,11567
pup,5.682114377,480966
bronco,5.175726298,149874
invertebrate,5.452310955,283342
redshank,3.897791982,7903
potbellied_pig,3.218272854,1653
fairy_shrimp,3.696443763,4971
kookaburra,4.036509129,10877
crawdad,3.99646789,9919
sawfish,4.057628073,11419
dinosaur,5.720477669,525385
brown_recluse,4.176872286,15027
sockeye_salmon,4.394889257,24825
primate,5.892763902,781203
genet,6.033307928,1079712
peacock,6.002633379,1006082
colt,6.053553985,1131238
labrador_retriever,4.38244932,24124
hoary_marmot,3.51295108,3258
dog,7.256114028,18034912
greyhound,5.599537026,397683
loris,4.790313318,61704
fin_whale,3.945468585,8820
tetrapod,4.429364632,26876
snowshoe_hare,4.248512732,17722
trepang,3.973035441,9398
foal,5.411560786,257965
fox_terrier,4.464280845,29126
parasitic_worm,3.767823498,5859
dragon_lizard,2.803457116,636
hydra,5.523780273,334026
griffon,4.744081653,55473
woman,7.866155855,73477751
gastropod,4.689415421,48912
jack_rabbit,4.505353506,32015
opossum,5.217673413,165072
grosbeak,4.816228039,65498
northern_pocket_gopher,3.077004327,1194
honey_bee,4.889424969,77522
plaice,4.693471924,49371
mule_deer,4.985022082,96610
ratite,3.65079304,4475
civet,4.811206235,64745
guenon,4.339948062,21875
brine_shrimp,4.488705794,30811
ladybird_beetle,3.717504075,5218
blackfly,3.954917554,9014
duckbill,4.178084433,15069
hake,5.16790781,147200
leech,5.669471228,467166
bobwhite_quail,4.13010852,13493
trogon,4.349743634,22374
budgerigar,4.101506496,12633
periodical_cicada,3.626750854,4234
baya,4.257990387,18113
spotted_hyena,3.859018144,7228
porcupine,5.580630787,380742
schnauzer,4.331730893,21465
partridge,5.867409735,736902
macaw,4.870380493,74196
cervid,3.551815822,3563
chimpanzee,5.578696501,379050
lynx,5.512449579,325424
sculpin,4.552412674,35679
red_winged_blackbird,2.390935107,246
evening_grosbeak,3.931966115,8550
conch,5.505215118,320048
avocet,4.260762845,18229
beet_armyworm,3.369215857,2340
mealworm,4.057171442,11407
nuthatch,4.748366361,56023
swordfish,5.201525482,159047
codfish,5.16478099,146144
snowbird,4.608729227,40619
basilisk,4.87676037,75294
pony,6.179719502,1512584
sei_whale,3.689131197,4888
wallaby,4.54036702,34703
cavy,4.112705521,12963
sand_lance,3.493597449,3116
spruce_grouse,4.024772913,10587
swordtail,3.780821176,6037
buffalo,6.710471006,5134179
gudgeon,4.691435152,49140
pinworm,4.363254621,23081
muskox,4.093106357,12391
labrador,5.723045813,528501
purple_gallinule,3.679609572,4782
owlet,4.412191655,25834
bushbaby,3.613313161,4105
channel_catfish,4.609039182,40648
affenpinscher,3.222716471,1670
keeshond,3.725993259,5321
salamander,5.410270964,257200
tundra_swan,3.423900919,2654
honeybee,4.931508722,85410
pearl_oyster,4.014520539,10340
auklet,4.009068276,10211
sauropod_dinosaur,3.246498581,1764
antelope_squirrel,3.305781151,2022
petrel,5.068122755,116983
hermit_thrush,4.45235387,28337
shoveller,4.036828433,10885
stone_curlew,3.305566314,2021
maltese_terrier,2.84260924,696
grebe,4.91999281,83175
tarpan,3.705607163,5077
whirligig_beetle,3.216165902,1645
whooper_swan,3.228913406,1694
prairie_dog,4.901915806,79784
duckbilled_platypus,3.269746373,1861
northern_bobwhite,3.598024072,3963
manta_ray,3.930847192,8528
ivory_gull,3.411956238,2582
sloth_bear,3.551083865,3557
great_blue_heron,4.50323214,31859
chick,6.095076204,1244733
freshwater_mussel,3.671265433,4691
bollworm,4.391728822,24645
horsehead,4.213836388,16362
gooney_bird,3.854488225,7153
bull_terrier,4.363912686,23116
robin,6.526197074,3358900
bilby,4.289053558,19456
bream,5.014600334,103419
holstein,5.680900001,479623
rhinoceros,5.506841784,321249
leaf_beetle,4.224066664,16752
silverfish,4.31103297,20466
coelacanth,4.271051261,18666
malinois,3.356981401,2275
kinkajou,3.944433318,8799
ornithopod,3.615844883,4129
ladybird,4.676053125,47430
bombardier_beetle,3.501196242,3171
seabass,3.862250675,7282
bottlenose_dolphin,4.09184275,12355
tufted_puffin,3.469969209,2951
codling_moth,4.56676736,36878
chipping_sparrow,4.243186924,17506
hogg,5.600370561,398447
tapeworm,5.164736412,146129
bowerbird,3.813113754,6503
damselfish,4.068185862,11700
hermit_crab,4.481714873,30319
remora,4.384048602,24213
shelduck,3.656960183,4539
saury,3.854488225,7153
silverback_gorilla,2.867467488,737
sardine,5.159028503,144221
okapi,4.23726719,17269
polo_pony,3.904174368,8020
addax,3.809963522,6456
prairie_chicken,4.533708523,34175
botfly,3.895974732,7870
bark_beetle,4.368491429,23361
praying_mantis,4.561005924,36392
sable,5.823362055,665828
yellowjacket,3.919548759,8309
rat_snake,3.99264187,9832
schipperke,3.488409689,3079
orang,5.17316295,148992
boar,5.909126871,811198
cockerel,4.795108025,62389
nautilus,5.460323413,288618
mastodon,5.047177481,111475
lobster,5.989108389,975233
jack_crevalle,3.224014811,1675
boa_constrictor,4.605046332,40276
cotton_bollworm,3.564073979,3665
meadow_vole,3.869114327,7398
giant_panda,4.336059278,21680
muskrat,5.248135176,177066
duck,6.439638803,2751939
plankton,5.571781014,373062
piping_plover,4.008515008,10198
basking_shark,3.921270186,8342
jabiru,3.918292513,8285
daw,5.190726586,155141
gemsbok,4.099300726,12569
cock,6.346605457,2221291
brontosaurus,4.445744276,27909
vaquita,3.273464273,1877
mouflon,4.000867722,10020
peafowl,4.150602952,14145
dairy_cattle,5.052208985,112774
griffon_vulture,3.322426052,2101
meadow_pipit,3.361350024,2298
seahawk,3.988246723,9733
maggot,5.173780466,149204
millipede,4.306660877,20261
milch_cow,4.26401458,18366
guinea_worm,4.151216579,14165
manta,4.868632685,73898
tarantula,5.008067622,101875
echinoderm,4.531057191,33967
annelid,4.610968743,40829
dall_sheep,4.014730495,10345
courser,4.896173348,78736
cicada,5.037115607,108922
whipsnake,3.401917251,2523
hookworm,5.149840848,141202
spotted_flycatcher,3.20167018,1591
ox,6.331019334,2142986
gurnard,4.068779363,11716
dunlin,4.118628415,13141
jaguarundi,3.734639839,5428
tiger_cub,3.77151399,5909
mangrove_snapper,3.222196046,1668
elk,6.139565841,1379005
gray_jay,3.611935625,4092
codling,4.764639332,58162
cougar,5.313217401,205692
pileated_woodpecker,4.215505378,16425
godwit,4.309949384,20415
sidewinder,4.719430732,52412
crappie,4.685356523,48457
pinfish,3.610873,4082
bigeye,4.014604533,10342
parr,5.563872486,366330
silkworm_moth,3.658774321,4558
carthorse,3.6599162,4570
armadillo,5.091213085,123371
bearded_dragon,3.377488383,2385
woolly_adelgid,3.332236415,2149
sabertooth,3.786467477,6116
copperhead,4.960988958,91409
sponge,6.141135776,1383999
binturong,3.446070936,2793
auk,5.315189172,206628
packrat,4.142733511,13891
eared_grebe,3.628797486,4254
boa,5.428274135,268086
pumpkinseed,4.006594386,10153
veery,4.317624643,20779
canvasback_duck,3.418798291,2623
striped_skunk,3.937216891,8654
moray,5.300545487,199777
jackrabbit,4.745433951,55646
bat,6.527307346,3367498
bay_scallop,3.544564097,3504
blacktip_reef_shark,2.399673721,251
silverback,4.004149342,10096
corbina,3.469674773,2949
blue_heron,4.830505266,67687
tiger,6.38952206,2452009
orca,4.752217521,56522
curlew,5.007986617,101856
lapwing,4.587138262,38649
white_tailed_deer,3.09482038,1244
piglet,4.878021724,75513
doggie,5.041976616,110148
northern_parula,3.675319983,4735
diamondback_terrapin,3.542451947,3487
ribbonfish,2.843855423,698
wasp,5.783422589,607327
hedgehog,5.301448888,200193
titi,4.698239776,49916
moray_eel,3.958563883,9090
herring_gull,4.473983023,29784
rottweiler,4.493151218,31128
muskellunge,4.254910442,17985
rooster,5.703855165,505656
westie,4.048441804,11180
humpback_whale,4.292078772,19592
triceratops,4.509578837,32328
hornbill,4.403292145,25310
puss,5.292524099,196121
whippoorwill,4.73084685,53808
leopard_frog,4.163399933,14568
horseshoe_crab,4.349665984,22370
woodworm,4.049799278,11215
spider,6.281649128,1912710
sea_bream,4.183412212,15255
monkey,6.401926546,2523054
anole,4.110286608,12891
bucking_bronco,3.9733588,9405
nematode_worm,3.656194062,4531
giant_anteater,3.621487865,4183
woolly_mammoth,4.217931169,16517
sedge_wren,3.269979677,1862
pelican,5.581928051,381881
junco,4.780115603,60272
sloth,5.603616317,401436
loach,4.580639912,38075
drosophila,5.767883535,585981
passerine,4.503422943,31873
slender_loris,3.301464073,2002
eider,4.979794132,95454
piranha,4.59337469,39208
barn_owl,4.487746245,30743
grouse,5.741210709,551075
gray_catbird,3.639486489,4360
basenji,3.874713689,7494
bluefooted_boobies,2.07918125,120
spruce_bark_beetle,3.105169428,1274
black_labrador,3.981637425,9586
oriole,5.212871812,163257
tragopan,3.556302501,3600
pocket_gopher,4.395308916,24849
golden_retriever,4.674806047,47294
chain_pickerel,3.663606708,4609
bull,6.953478541,8984182
chipmunk,5.149619342,141130
hyena,5.284998893,192752
blackbuck,3.751279104,5640
meerkat,3.812512284,6494
mulloway,2.267171728,185
bolognese,5.005798042,101344
gopher_snake,3.779524343,6019
broody_hen,3.635684763,4322
scup,4.032054375,10766
bison,5.778133878,599976
great_horned_owl,4.509511662,32323
garibaldi,5.591598795,390480
plover,5.303142037,200975
porgy,5.119467045,131664
scorpionfish,3.841797299,6947
wandering_albatross,3.771734425,5912
bug,6.151919343,1418794
polar_bear,5.185295616,153213
larva,5.976938423,948284
stegosaurus,4.41140082,25787
centipede,4.986283438,96891
snowy_egret,4.062957834,11560
anthropoid,5.046803314,111379
blackfish,4.502782058,31826
akita,4.611170797,40848
redhorse_sucker,2.146128036,140
roundworm,4.512510964,32547
mistle_thrush,3.127104798,1340
mussel,5.342511505,220045
burro,5.219634292,165819
pigeon,6.10484819,1273058
pronghorn,4.767445299,58539
platypus,4.736667354,54534
mynah,4.233554493,17122
abalone,5.065531167,116287
whelp,4.93445805,85992
wrasse,4.416540658,26094
condor,5.492043421,310487
western_meadowlark,3.955302823,9022
boll_weevil,4.878332181,75567
needlefish,3.836197481,6858
collared_lizard,3.544564097,3504
lingcod,3.943791199,8786
hominid,5.250778513,178147
giraffe,5.372025949,235519
human,7.989650076,97645015
kelp_greenling,2.759667845,575
scaly_anteater,3.096562438,1249
pug,5.300371541,199697
nightingale,5.964732805,922004
colobus,4.522287703,33288
fossa,5.945027666,881105
puffin,4.92727795,84582
diamondback,4.573034142,37414
marsh_harrier,3.434728542,2721
blister_beetle,3.881669908,7615
hound,5.993870748,985986
mollusc,4.728256359,53488
hoot_owl,4.048092052,11171
panda,5.255675247,180167
nudibranch,4.034748743,10833
gopher_turtle,2.815577748,654
great_crested_grebe,3.427323786,2675
kittiwake,4.270608971,18647
hyrax,4.244153373,17545
poultry,6.2976058,1984293
eland,4.919240268,83031
maltese,5.364340832,231388
corn_borer_moth,2.079181246,120
cows,6.517147318,3289632
bluetick,3.419955748,2630
pit_bull_terrier,3.430880946,2697
tiger_beetle,3.749968084,5623
echidna,4.577537754,37804
baby,7.27868644,18997062
stegosaur,3.524006446,3342
toadfish,4.060320029,11490
oystercatcher,4.058122216,11432
husky,5.729942744,536961
barracuda,4.961862284,91593
redbreast,4.621249004,41807
jigger,4.837228481,68743
pollock,5.880799306,759975
calf,6.367029612,2328250
angelfish,4.432600545,27077
burbot,4.094680713,12436
colugo,3.235023159,1718
australopithecine,4.491123467,30983
slug,5.665824803,463260
springbok,4.443966678,27795
magpie,5.296608158,197974
redheaded_woodpecker,3.468937806,2944
mute_swan,3.814913181,6530
redbellied_woodpecker,2.49415459,312
gopher,5.597291411,395632
wolverine,5.156106757,143254
tench,5.004325674,101001
homing_pigeon,4.098609119,12549
lesser_yellowlegs,3.751971575,5649
tortoiseshell,4.887965946,77262
song_thrush,3.701481636,5029
porbeagle,3.494154594,3120
cooter,4.531836424,34028
tern,5.623744311,420479
blowfly,4.374638384,23694
appaloosa,4.542924967,34908
snapping_turtle,4.47677368,29976
stork,5.487757546,307438
ferret,5.531510849,340025
great_auk,4.248022336,17702
doberman,4.741198888,55106
onion_thrips,3.481442629,3030
smalltooth_sawfish,2.336459734,217
stallion,5.768888839,587339
caecilian,4.082857149,12102
green_mamba,3.360971884,2296
jawless_fish,3.511616021,3248
jack_russell,4.32565931,21167
lumpfish,3.592842683,3916
bluefin,4.522965595,33340
raptor,4.950661748,89261
dugong,4.467356482,29333
ruddy_turnstone,3.69966432,5008
prairie_vole,3.663229635,4605
betta_fish,2.146128036,140
snail_darter,4.074121306,11861
panther,5.886284809,769635
fall_armyworm,3.800579622,6318
bonobo,4.307667155,20308
orangutan,4.807399713,64180
dodo_bird,3.832700471,6803
guanaco,4.531312832,33987
leopard_seal,3.640183192,4367
smallmouth_bass,4.476990947,29991
pterodactyl,4.377251596,23837
rhinoceros_beetle,3.514547753,3270
reptile,5.656324398,453236
hairless_cat,2.669316881,467
spider_crab,3.81967552,6602
scarab,4.93578428,86255
mud_dauber,3.580468784,3806
scrod,4.083144143,12110
pigfish,3.265053789,1841
redbone,3.926548225,8444
fulmar,4.365506704,23201
tody,4.395413767,24855
honey_badger,3.527629901,3370
siberian_husky,3.872622379,7458
teleost,4.783474788,60740
quetzal,4.800180751,63122
coral_snake,4.404953388,25407
northern_snakehead,2.127104798,134
sheepdog,4.650161762,44685
junebug,4.081131187,12054
pheasant,5.619704671,416586
hare,6.387898578,2442860
tom_turkey,3.352182518,2250
spadefoot_toad,3.565020928,3673
gar,5.691204422,491139
brown_thrasher,4.287689784,19395
doe,6.348022772,2228552
ichthyosaur,3.943346098,8777
wigeon,4.19075178,15515
homo_sapiens_sapiens,4.24432661,17552
pink_bollworm,4.045557669,11106
animal,7.382158769,24107866
sand_dab,3.120573931,1320
wildcat,5.477536531,300287
frog,6.319346573,2086155
broadtail,3.599337133,3975
kingsnake,3.967079734,9270
bluebird,5.313242737,205704
tilapia,4.803702873,63636
warthog,4.367989194,23334
roe_deer,4.293495143,19656
hawk_owl,3.703807065,5056
monotreme,3.824256038,6672
broncho,4.99077382,97898
fall_webworm,3.64738297,4440
cat,7.013143358,10307263
tiger_rattlesnake,2.773054693,593
sika,4.253967663,17946
fish,7.344814258,22121484
gecko,4.814460694,65232
caracara,4.141104709,13839
cutworm,4.445261614,27878
bowfin,4.110017007,12883
allosaurus,4.210666244,16243
woolly_monkey,3.630427875,4270
peccary,4.723275021,52878
pickerel,5.047228125,111488
civet_cat,3.978226182,9511
lapdog,4.393487458,24745
swallow,6.403070566,2529709
ringtailed_lemur,2.84073323,693
placental_mammal,3.474653253,2983
yorkie,4.18593859,15344
zebrafish,4.675393353,47358
bullfinch,4.555263778,35914
escolar,4.285287197,19288
wolffish,3.357172258,2276
mollusk,4.948960379,88912
turkey_vulture,4.283640389,19215
glowworm,4.420417869,26328
pipefish,3.959851955,9117
gadfly,4.875315975,75044
opah,3.544192111,3501
carrier_pigeon,4.219243872,16567
dachshund,4.827944074,67289
goatfish,3.805500858,6390
yellowfin,4.562637783,36529
raccoon_fox,1.880813592,76
tusker,4.237166583,17265
wagtail,4.558108302,36150
screech_owl,4.632690068,42923
retriever,5.185981044,153455
cedar_waxwing,4.087035665,12219
reef_shark,3.578295305,3787
bull_shark,3.607669437,4052
beluga,4.716754357,52090
canis_lupus,4.131329894,13531
redbug,3.011147361,1026
mallard,5.335514064,216528
lake_whitefish,3.678791434,4773
koi,5.029619126,107058
greenfly,3.678973376,4775
phalarope,4.434153571,27174
cub,5.726807053,533098
mole_rat,3.790777601,6177
hoofed_mammal,3.199480915,1583
cartilaginous_fish,3.813380807,6507
coati,4.279050648,19013
yellowlegs,4.278707883,18998
lemur,4.904358444,80234
eider_duck,3.90118578,7965
owl,6.247115609,1766508
fowl,6.059820813,1147680
rock_hyrax,3.215901813,1644
slime_eels,2.572871602,374
angus,5.926253417,843827
teacup_chihuahua,2.004321374,101
lechwe,3.681512587,4803
shad,5.532233168,340591
darkling_beetle,3.106190897,1277
luna_moth,3.727378569,5338
seabird,4.683578318,48259
crinoid,4.550644098,35534
opossum_shrimp,3.186391216,1536
bear_cub,4.332094928,21483
earwig,4.411282913,25780
medusa,5.515280256,327552
frogfish,3.541953474,3483
hen_harrier,3.387923467,2443
eelpout,3.368844507,2338
clydesdale,4.558684576,36198
pectoral_sandpiper,3.755417463,5694
yellowtail_snapper,3.408239965,2560
piggy,5.222497969,166916
jackass_penguin,3.018284308,1043
redpoll,4.189518386,15471
staffordshire_terrier,3.34321159,2204
razorbill,3.698361566,4993
charolais,4.328726085,21317
rockfish,4.819366233,65973
marabou_stork,3.302547372,2007
bluefin_tuna,4.257270482,18083
armyworm,4.323272731,21051
marmot,4.918208634,82834
belted_kingfisher,4.061075324,11510
menhaden,4.80411216,63696
serow,3.87052095,7422
koi_fish,3.120573931,1320
squirrel_monkey,4.471687677,29627
sauropod,4.333265861,21541
giant_tortoise,3.809425029,6448
tent_caterpillar,4.257126358,18077
ruffed_grouse,4.834827466,68364
hawkmoth,3.691169934,4911
tadpole,5.208922147,161779
canvasback,4.425208051,26620
ovenbird,4.180498623,15153
musk_turtle,3.621695462,4185
whiff,5.476927227,299866
drumfish,3.256717746,1806
turtledove,4.407985421,25585
greenling,3.606703741,4043
hominoid,4.342225229,21990
javelina,4.139343756,13783
trout,6.393416723,2474097
moonfish,3.457124626,2865
dotterel,3.921113974,8339
angora_goat,4.044931546,11090
largemouth_bass,4.689184503,48886
lungfish,4.426966463,26728
chigger,4.320831473,20933
smelt,5.594605778,393193
saltwater_crocodile,3.397418542,2497
yak,5.193625418,156180
karakul,4.172310969,14870
hinny,4.153113332,14227
kitten,5.855944762,717703
scarlet_tanager,4.301550837,20024
humans,6.848197556,7050137
wapiti,4.63873878,43525
beef_cattle,5.225823409,168199
laughing_gull,3.93530569,8616
dwarf_sperm_whale,2.881384657,761
coho_salmon,4.496001979,31333
raccoon,5.500824927,316829
toucan,4.558264451,36163
octopus,5.564172321,366583
hawksbill_turtle,3.654272827,4511
winter_wren,4.144511939,13948
rat,6.766463413,5840680
crossbill,4.419493135,26272
cod,6.294381564,1969616
tanager,4.944635635,88031
crow,6.398037974,2500564
urchin,5.536063267,343608
sea_otter,4.858795772,72243
terrier,5.578885508,379215
bighorn_sheep,4.784496044,60883
bottlenose,4.57156909,37288
tabby,5.250627341,178085
chocolate_labrador,3.019531685,1046
koala,4.747015401,55849
finch,5.891181625,778362
yellowhammer,4.034668556,10831
whale_shark,4.039691662,10957
adder,5.544798286,350589
sea_gull,4.700037057,50123
hairstreak,4.19384782,15626
surgeonfish,3.841797299,6947
maleo,3.396722279,2493
quahog,4.115510662,13047
cichlid,4.51308436,32590
copepod,4.630244761,42682
gaur,4.401917251,25230
nutria,4.402364569,25256
greater_yellowlegs,3.709100282,5118
keyhole_limpet,3.899163641,7928
golden_plover,4.346607217,22213
dory,5.25922823,181647
bony_fish,4.377561215,23854
squirrel,6.080840335,1204593
pangolin,4.249687428,17770
stingray,4.674778498,47291
batfish,3.775100499,5958
common_murre,3.551571974,3561
longneck,3.62930764,4259
siamang,3.964401071,9213
emu,5.299389611,199246
eagle,6.640854253,4373753
dolphinfish,3.462996612,2904
garfish,3.967407557,9277
horned_owl,4.702585614,50418
oceanic_whitetip_shark,2.494154594,312
iguana,5.173809573,149214
ant,6.426146105,2667756
brown_hyena,3.272769587,1874
minke_whale,3.815312044,6536
spitz,5.247862838,176955
cactus_wren,3.881213416,7607
surfperch,3.714664993,5184
roly_poly,3.8419848,6950
tufted_titmouse,3.995591324,9899
catbird,4.730653098,53784
newt,5.456781906,286274
sea_lamprey,4.10222783,12654
bluebill,3.607347777,4049
squid,5.636561108,433073
stone_marten,3.245512668,1760
purple_martin,4.198272098,15786
komodo_dragon,3.9259821,8433
beagle,5.382460121,241246
bonefish,4.571534147,37285
aurochs,4.474638694,29829
capuchin_monkey,3.680516809,4792
polychaete,4.4846699,30526
lizard,5.89522027,785634
hartebeest,4.290902333,19539
turbot,4.854973674,71610
spider_monkey,4.275380468,18853
tussock_moth,4.161128325,14492
cowbird,4.818173089,65792
massasauga,3.752048448,5650
catamount,4.476875085,29983
malamute,4.174786417,14955
wolf,6.745548976,5566074
zebra_finch,3.920227711,8322
thresher_shark,3.485011215,3055
steed,5.87640203,752319
red_snapper,4.825315745,66883
mayfly,4.690329007,49015
western_tanager,3.784474644,6088
silkworm,5.188858204,154475
stoat,4.690869158,49076
persian,6.59716768,3955193
tiger_moth,3.90227492,7985
siskin,4.486317108,30642
leatherjacket,3.26904571,1858
leopardess,3.846646329,7025
mastiff,5.05999863,114815
river_otter,4.133890034,13611
decapod,4.397018327,24947
mealy_bug,3.874365836,7488
banana_slug,3.317645543,2078
smooth_hammerhead,2.652246341,449
tigress,4.984144606,96415
mako_shark,3.767081621,5849
cockatiel,4.163876656,14584
alpaca,4.956917231,90556
flea,5.81714343,656362
wildebeest,4.704776617,50673
snake,6.615078486,4121720
pochard,4.011612729,10271
palomino,4.852815344,71255
hamster,5.543432268,349488
archeopteryx,3.37401474,2366
chameleon,5.343097287,220342
egret,5.003873949,100896
marsh_wren,4.176293883,15007
chough,4.397470717,24973
chachalaca,3.766933094,5847
freshwater_eel,3.227372442,1688
shrike,4.955932964,90351
nematode,5.355782814,226873
tunicate,4.255610158,18014
warbler,5.618819722,415738
cicada_killer,3.149219113,1410
drake,6.296060925,1977247
kingfish,4.709117252,51182
velociraptor,3.923761961,8390
cygnet,4.391552567,24635
cockroach,5.326755613,212205
horsefly,4.26594929,18448
llama,5.269141534,185841
hackney,5.428777657,268397
swamp_sparrow,3.885248108,7678
miniature_schnauzer,3.8109714,6471
orca_whale,2.874481818,749
gray_fox,4.53879987,34578
naked_mole_rat,3.193402903,1561
stonefish,3.882638362,7632
sandpiper,5.133867698,136103
diplodocus,4.306274875,20243
shrew,5.545810408,351407
lovebird,4.085076411,12164
dusky_shark,3.095866453,1247
buck,6.477242551,3000838
homo_erectus,4.948970148,88914
gosling,4.99523142,98908
gnu,5.174251751,149366
killifish,4.305329869,20199
cuttlefish,4.756734973,57113
blackbird,5.486899235,306831
ostrich,5.653586811,450388
tapir,4.948750293,88869
mole,6.347595976,2226363
gila_monster,4.392362752,24681
pika,4.392573856,24693
bushbuck,4.080337823,12032
pintail,4.579017191,37933
saiga,4.214472951,16386
king_salmon,4.419112763,26249
worm,6.383063674,2415815
asp,5.813126443,650319
dace,4.837708358,68819
pincher,4.547331573,35264
zooplankton,5.209662435,162055
rhesus_monkey,5.02746785,106529
finback,4.11487775,13028
puffer,4.918397339,82870
bivalve,5.013873235,103246
crocodile,5.741384054,551295
emerald_shiner,3.11991541,1318
hammerhead,4.707485012,50990
mare,6.290514742,1952157
sea_squirt,3.71941416,5241
yellowfin_tuna,4.309459822,20392
woodcock,5.496351126,313582
walleyed_pike,3.611510887,4088
arachnid,4.346372537,22201
blue_jay,4.926872127,84503
donkey,6.018421695,1043330
rat_terrier,3.436003536,2729
beetle,6.021866684,1051639
sphinx_moth,3.785044958,6096
brook_trout,5.00365437,100845
razorback,4.381115081,24050
bottlenose_whale,3.370328008,2346
ptarmigan,5.007303871,101696
crane,6.40422836,2536462
hound_dog,4.639944448,43646
billfish,4.207553586,16127
sawfly,4.643472417,44002
crawler,4.999265421,99831
oryx,4.906124848,80561
yorkshire_terrier,4.076713245,11932
rabbit,6.568628649,3703639
dromedary,4.745504187,55655
albino_python,2.346352974,222
venomous_lizard,2.717670503,522
antelope,5.845170623,700117
red_tailed_hawk,2.782472624,606
skipjack_tuna,4.120080134,13185
trilobite,4.67420875,47229
halibut,5.378864653,239257
snail,5.853805252,714176
yellow_perch,4.546098271,35164
mackerel,5.555095658,359001
gorgonian,4.021437396,10506
chicken,6.827585591,6723348
markhor,3.629511534,4261
caribou,5.660478423,457592
guillemot,4.479618493,30173
marmoset,4.596740004,39513
damselfly,4.050457095,11232
bowhead_whale,3.871397781,7437
white_marlin,3.747100931,5586
pompano,4.782680405,60629
turtle_dove,4.304231942,20148
kitty_cat,3.854548936,7154
whiting,5.853660498,713938
parrotfish,4.165363051,14634
spiny_lobster,4.197941836,15774
sabertoothed_cat,2.44870632,281
rotifer,4.359930296,22905
crustacean,5.108551494,128396
carrion_crow,4.13411333,13618
vervet_monkey,3.743666521,5542
scorpion,5.601377613,399372
aardvark,4.484100445,30486
willet,5.062514297,115482
northern_shrike,3.818225894,6580
roadrunner,4.635785236,43230
rudd,5.286108266,193245
mosquito,6.026549198,1063039
pussycat,4.72084536,52583
hawksbill,4.363198169,23078
gray_whale,4.420698203,26345
homo_sapiens,5.477076375,299969
mangabey,3.848189117,7050
kine,5.236446564,172364
groundhog,4.796018969,62520
lanternfish,3.283527365,1921
pine_marten,3.962984584,9183
sacred_ibis,3.576571684,3772
taipan,4.017033339,10400
widow_spider,4.363762359,23108
eastern_indigo_snake,2.980003372,955
striped_mullet,3.615318657,4124
eastern_cottontail,3.637089274,4336
groundfish,4.113575717,12989
sage_grouse,4.250785827,17815
snook,4.903111701,80004
anaconda,5.282118883,191478
pronghorn_antelope,4.170408412,14805
goby,4.540842315,34741
chihuahua,5.671361706,469204
wood_stork,3.754577656,5683
mouse,6.776846046,5981995
slow_loris,3.612359948,4096
toothed_whale,3.442322956,2769
pipit,4.481069807,30274
tuatara,4.079072659,11997
ruminant,4.906798186,80686
summer_tanager,3.852967691,7128
sparrow_hawk,4.465486951,29207
sheep,6.924172871,8397942
alligator_snapping_turtle,3.375297738,2373
french_bulldog,3.557747742,3612
varmint,4.72223893,52752
capercaillie,3.804480189,6375
shih_tzu,4.25229464,17877
chum_salmon,4.112705521,12963
crucian_carp,3.593618308,3923
gallinule,4.219479738,16576
chinch_bug,4.226522576,16847
treefrog,4.062017599,11535
northern_pike,4.533021751,34121
sparrow,6.063752812,1158118
horned_dinosaur,3.316808752,2074
bearcat,4.258613341,18139
honey_buzzard,3.286007122,1932
globefish,3.173186268,1490
lemming,4.733269508,54109
moose,5.977754233,950067
blacktail_deer,3.727215821,5336
stormy_petrel,4.311690301,20497
cormorant,5.075364446,118950
constrictor,5.256135411,180358
larvae,6.320905948,2093659
wolf_cub,3.755188586,5691
kingfisher,5.192818257,155890
canebrake_rattlesnake,2.904174368,802
cochineal,5.0944292,124288
dungeness_crab,4.201970342,15921
trematode,4.460100655,28847
vicuna,4.719844843,52462
guppy,4.967557336,92802
malarial_mosquito,3.522444234,3330
monkfish,4.475540445,29891
reindeer,5.764092405,580888
croaker,4.859282438,72324
steeplechaser,3.532754379,3410
arachnoid,5.280446332,190742
seal,6.788763103,6148414
katydid,4.508583582,32254
spiny_dogfish,3.808075868,6428
foxhound,4.300334568,19968
swan,6.23145965,1703961
spiny_anteater,3.741860394,5519
guinea_hen,4.171814181,14853
budgie,4.16459076,14608
dray_horse,3.72932681,5362
shanny,3.477121255,3000
catfish,5.632776063,429315
packhorse,4.510169532,32372
shoveler,4.291635207,19572
firefly,5.169268746,147662
possum,5.440409986,275683
friesian,4.596696038,39509
cichlid_fish,3.730862992,5381
kangaroo,5.566218227,368314
gall_midge,3.735359333,5437
ladyfish,3.519696767,3309
bustard,4.616517523,41354
whooper,3.910037124,8129
gelding,5.218850478,165520
mackerel_tuna,2.322219295,210
stag,5.78537611,610065
gopher_tortoise,3.7355989,5440
leafhopper,4.582779018,38263
gator,5.024592381,105826
indri,3.892984551,7816
redbird,4.49780013,31463
ewe,5.498001612,314776
mantis_shrimp,3.566790912,3688
tuna,5.942652316,876299
siamese,5.56277092,365402
caplin,4.345883213,22176
capelin,4.116806916,13086
amberjack,4.086359831,12200
thrips,4.972100966,93778
seagull,5.117940455,131202
ceratopsian,3.68547302,4847
herring,6.00100423,1002315
pufferfish,3.792671789,6204
coypu,3.783903579,6080
whitetail,4.810044238,64572
whitefly,4.391164552,24613
mynah_bird,3.713574538,5171
queen_bee,4.694473575,49485
caracal,4.090645958,12321
whiteface,4.405448816,25436
cheetah,5.023964037,105673
manatee,5.024452828,105792
albacore,4.695437895,49595
badger,5.803131956,635524
woodland_caribou,4.005094675,10118
mountain_goat,4.730265335,53736
toy_spaniel,3.409425869,2567
loon,5.501360561,317220
apatosaurus,4.106938451,12792
macaque_monkey,4.217536583,16502
bluegill,4.713708895,51726
broodmare,3.912328358,8172
greenshank,3.534533756,3424
weakfish,4.264817823,18400
jackdaw,4.693507109,49375
medfly,3.808885867,6440
doodlebug,4.091737283,12352
hadrosaur,3.726808683,5331
krait,4.0309234,10738
bichon,4.173535895,14912
purple_finch,4.254620574,17973
corn_earworm,4.082138831,12082
marten,5.341286107,219425
potoroo,3.143951116,1393
bobolink,4.744558956,55534
babirusa,3.523095838,3335
wren,5.85059294,708913
milking_shorthorn,3.561220679,3641
mojarra,3.82549103,6691
pupa,5.405609282,254454
carpenter_ant,3.673020907,4710
wiener_dog,3.079543007,1201
bonnethead,3.217220656,1649
alligator,5.714162885,517801
hammerhead_shark,3.795532443,6245
placoderm,3.550595207,3553
spotted_salamander,3.721893016,5271
hairy_woodpecker,4.135069014,13648
haddock,5.303176611,200991
bacteria,6.801874181,6336861
beaver,6.273193014,1875828
python,5.589901592,388957
cownose_ray,2.710963119,514
maned_wolf,3.456062224,2858
cankerworm,4.063896038,11585
horned_toad,4.244400834,17555
striper,4.382017043,24100
cockle,5.011980441,102797
gorilla_gorilla,3.990427658,9782
tick,6.01822018,1042846
arctic_char,4.053078443,11300
lugworm,3.53032779,3391
golden_eagle,4.968791048,93066
leopard,5.875985616,751598
tobacco_hornworm,3.829046337,6746
bedbug,4.583005963,38283
oyster,6.065144455,1161835
thrip,3.83372069,6819
pachyderm,4.211280768,16266
scaup,4.532919914,34113
desert_tortoise,4.052039507,11273
chinook_salmon,4.567590935,36948
vesper_sparrow,4.051191125,11251
person,7.926915522,84511444
jaybird,4.388154508,24443
webworm,4.275334393,18851
hart,6.509091985,3229178
palm_civet,3.462248215,2899
bandicoot,4.263896331,18361
mantis,5.101128176,126220
caddis_fly,3.815976001,6546
eastern_meadowlark,3.687528961,4870
clownfish,3.925672994,8427
tomcat,5.160411502,144681
hogfish,3.706034661,5082
gray_mullet,3.368100852,2334
mountain_gorilla,4.117602692,13110
ivory_billed,2.46834733,294
biting_midge,2.996073654,991
corgi,4.478147871,30071
swine,6.081945041,1207661
cusk,3.9733588,9405
amphibian,5.392096966,246659
dung_beetle,4.083466785,12119
harp_seal,3.897517129,7898
quail,5.858834846,722495
crevalle_jack,2.977266212,949
carpenter_bee,3.603901832,4017
fungus_gnat,3.234264124,1715
poodle,5.355604751,226780
shetland_pony,4.287913647,19405
corn_borer,4.506031244,32065
bufflehead,4.005437923,10126
filaria,4.66860953,46624
daphnia,4.905995448,80537
lapin,4.683110105,48207
bantam,5.849919148,707814
harbor_porpoise,3.674401813,4725
spoonbill,4.367132192,23288
stony_coral,3.3287872,2132
grizzly,5.735626042,544034
capon,5.076829701,119352
isopod,4.2912134,19553
pubic_louse,3.419294722,2626
sunfish,5.03187281,107615
rodent,5.625281576,421970
heath_hen,3.927319025,8459
canary,5.80587722,639554
croc,4.673085447,47107
calico_cat,4.011950866,10279
bobcat,4.96481099,92217
dove,6.324396057,2110552
sea_cucumber,4.353570042,22572
takahe,3.501333179,3172
spider_mite,4.313318735,20574
redstart,4.530724634,33941
marsupial,4.950023907,89130
woodcock_snipe,1.792391689,62
ankylosaur,3.409425869,2567
merganser,4.65394537,45076
langur,4.320167065,20901
roseate_tern,3.593728999,3924
salmon,6.535997664,3435561
freshwater_fish,4.776352446,59752
minnow,5.21399827,163681
shellfish,5.701157672,502525
goshawk,4.709854847,51269
conger,5.307335555,202925
greenwing,3.201123897,1589
kestrel,4.90920824,81135
hogget,3.416640507,2610
mutton_snapper,3.0523091,1128
tyrannosaur,4.003589767,10083
northern_harrier,3.772908195,5928
blackcap,4.124014879,13305
cocker,5.083516953,121204
storm_petrel,3.7387013,5479
giant_schnauzer,3.263162465,1833
titi_monkey,3.11991541,1318
zebra_mussel,4.004192356,10097
mammoth,5.911730606,816076
itch_mite,3.835690571,6850
stag_beetle,3.677971753,4764
hellbender,3.73479983,5430
alligator_lizard,3.510813011,3242
anemone,5.364160612,231292
sailfish,4.594094078,39273
loggerhead,4.724701761,53052
flycatcher,5.169932936,147888
bowhead,4.430703779,26959
mosquitofish,3.884568815,7666
cobra,5.674975897,473125
pooch,4.690080844,48987
cardinal,6.704668529,5066039
wolfhound,4.520575229,33157
lionfish,3.853454841,7136
tarsier,4.09680577,12497
threadfin,3.844787719,6995
barred_owl,4.245833335,17613
waterbird,3.842546836,6959
lamprey,5.03322667,107951
squab,4.834547858,68320
baboon,5.366632115,232612
shorebird,4.276254948,18891
spadefoot,4.084147133,12138
fallow_deer,4.492760389,31100
skylark,5.091540343,123464
butterfish,4.033262876,10796
goose,6.301955793,2004268
towhee,4.581483158,38149
insect,6.519563532,3307985
pygmy_chimpanzee,3.723865964,5295
beaked_whale,3.973497309,9408
blackpoll,3.882524538,7630
goldfinch,4.937713431,86639
jellyfish,5.224579675,167718
shark,6.054603863,1133976
longhorn,4.851753529,71081
jungle_fowl,4.052963129,11297
tsetse_fly,4.641017762,43754
parakeet,4.868873573,73939
eastern_lowland_gorilla,2.692846919,493
dogfish,4.873285717,74694
manakin,4.211601044,16278
bee_eater,2.957607287,907
otter,5.857683409,720582
eastern_kingbird,3.770115295,5890
anchovy,5.194275622,156414
saltwater_fish,4.145351817,13975
gamecock,4.296730987,19803
bulldog,5.406485677,254968
striped_hyena,3.404491618,2538
striped_bass,4.989396418,97588
pike,6.311388052,2048274
