aardvark,4.484100445,30486
aardwolf,3.534280005,3422
abalone,5.065531167,116287
abeja,3.666985718,4645
addax,3.809963522,6456
adder,5.544798286,350589
adelgid,3.720737977,5257
adelie penguin,3.63738965,4339
aedes aegypti,4.464474643,29139
affenpinscher,3.222716471,1670
afghan hound,3.759516759,5748
african dog,2.444044796,278
agama,4.369605434,23421
agouti,4.729480673,53639
airedale terrier,3.56431091,3667
akita,4.611170797,40848
albacore,4.695437895,49595
albatross,5.400415368,251429
albino python,2.346352974,222
alga,5.241075574,174211
alligator,5.714162885,517801
alligator lizard,3.510813011,3242
alligator snapping turtle,3.375297738,2373
allosaurus,4.210666244,16243
alpaca,4.956917231,90556
amberjack,4.086359831,12200
amoeba,5.301420685,200180
amphibian,5.392096966,246659
amphioxus,4.795490715,62444
amphipod,4.311690301,20497
anaconda,5.282118883,191478
anchovy,5.194275622,156414
anemone,5.364160612,231292
angelfish,4.432600545,27077
anglerfish,3.884115362,7658
angora goat,4.044931546,11090
angora rabbit,3.401055726,2518
anhinga,4.258254054,18124
ankylosaur,3.409425869,2567
annelid,4.610968743,40829
anole,4.110286608,12891
ant,6.426146105,2667756
anteater,4.649130322,44579
antelope,5.845170623,700117
antelope squirrel,3.305781151,2022
anthropoid,5.046803314,111379
antlion,3.44294987,2773
apatosaurus,4.106938451,12792
ape,6.012398914,1028961
aphid,5.242866779,174931
aplysia,4.758177359,57303
appaloosa,4.542924967,34908
apple maggot,3.920592862,8329
arachnid,4.346372537,22201
arapaima,3.498861689,3154
archaea,4.706828688,50913
archeopteryx,3.37401474,2366
archosaur,3.267640982,1852
arctic char,4.053078443,11300
arctic fox,4.340543258,21905
argali,3.941511433,8740
armadillo,5.091213085,123371
armyworm,4.323272731,21051
arrowhead dogfish,0.0001,1
arrowhead shark,0.0001,1
arthropod,5.145550661,139814
ascidians,4.499700826,31601
asp,5.813126443,650319
ass,6.575836146,3765617
assassin bug,3.492201451,3106
auk,5.315189172,206628
auklet,4.009068276,10211
auroch,3.484014963,3048
australopithecine,4.491123467,30983
avian,5.648388312,445029
avocet,4.260762845,18229
axolotl,4.371381919,23517
babirusa,3.523095838,3335
baboon,5.366632115,232612
baby,7.27868644,18997062
baca,5.173366944,149062
bacteria,6.801874181,6336861
badger,5.803131956,635524
bald eagle,5.076851533,119358
baleen whale,3.734399743,5425
banana slug,3.317645543,2078
bandicoot,4.263896331,18361
bantam,5.849919148,707814
bark beetle,4.368491429,23361
barn owl,4.487746245,30743
barnacle,5.087781418,122400
barnacle goose,3.717420837,5217
barracuda,4.961862284,91593
barramundi,3.799822831,6307
barred owl,4.245833335,17613
basenji,3.874713689,7494
basilisk,4.87676037,75294
basking shark,3.921270186,8342
bass,6.631500792,4280562
basset hound,4.252003021,17865
bat,6.527307346,3367498
batfish,3.775100499,5958
bay scallop,3.544564097,3504
baya,4.257990387,18113
beaded lizard,3.415140352,2601
beagle,5.382460121,241246
beaked whale,3.973497309,9408
bear,7.366226929,23239508
bear cub,4.332094928,21483
bearcat,4.258613341,18139
bearded dragon,3.377488383,2385
bearded vulture,3.401745082,2522
beaver,6.273193014,1875828
bedbug,4.583005963,38283
bee,6.523935877,3341457
bee eater,2.957607287,907
bee moth,3.113274692,1298
beef cattle,5.225823409,168199
beefalo,3.42111013,2637
beet armyworm,3.369215857,2340
beetle,6.021866684,1051639
bellbird,3.644733927,4413
belted kingfisher,4.061075324,11510
beluga,4.716754357,52090
beluga whale,3.65195607,4487
bengal tiger,4.254403046,17964
bernese mountain dog,3.390405156,2457
bessbug,0.0001,1
beta fish,2.294466226,197
betta,4.557651542,36112
betta fish,2.146128036,140
bettong,3.09482038,1244
bichon,4.173535895,14912
bigeye,4.014604533,10342
bighorn,5.346532915,222092
bighorn sheep,4.784496044,60883
bilbies,2.921686475,835
bilby,4.289053558,19456
billfish,4.207553586,16127
billy goat,4.54174145,34813
binturong,3.446070936,2793
bird,7.119400245,13164375
bison,5.778133878,599976
biting midge,2.996073654,991
bittern,4.910875092,81447
bivalve,5.013873235,103246
black bear,5.218204538,165274
black headed gull,1.643452676,44
black lab,3.98403198,9639
black labrador,3.981637425,9586
black mamba,3.795462894,6244
black panther,5.126332754,133762
black squirrel,3.793371249,6214
black widow,4.823037106,66533
black-capped chickadee,3.857453117,7202
blackbird,5.486899235,306831
blackbuck,3.751279104,5640
blackcap,4.124014879,13305
blackfish,4.502782058,31826
blackfly,3.954917554,9014
blackpoll,3.882524538,7630
blacktail,4.381421958,24067
blacktail deer,3.727215821,5336
blacktip reef shark,2.399673721,251
blacktip shark,3.009025742,1021
blenny,4.144636468,13952
blister beetle,3.881669908,7615
blobfish,0.0001,1
bloodhound,4.961463809,91509
bloodworm,3.581380689,3814
blowfish,4.318710119,20831
blowfly,4.374638384,23694
blubber fish,0.0001,1
blue catfish,3.617105231,4141
blue heron,4.830505266,67687
blue jay,4.926872127,84503
blue marlin,4.164858247,14617
blue shark,3.919757781,8313
blue whale,4.63102754,42759
bluebill,3.607347777,4049
bluebird,5.313242737,205704
bluefin,4.522965595,33340
bluefin tuna,4.257270482,18083
bluefish,4.865121749,73303
bluefooted booby,1.857332496,72
bluegill,4.713708895,51726
bluetick,3.419955748,2630
boa,5.428274135,268086
boa constrictor,4.605046332,40276
boar,5.909126871,811198
bobcat,4.96481099,92217
bobolink,4.744558956,55534
bobtail,4.557471109,36097
bobwhite,4.688704512,48832
bobwhite quail,4.13010852,13493
boll weevil,4.878332181,75567
bollworm,4.391728822,24645
bolognese,5.005798042,101344
bombardier beetle,3.501196242,3171
bonefish,4.571534147,37285
bongo,4.945468585,88200
bonito,5.132586248,135702
bonnethead,3.217220656,1649
bonobo,4.307667155,20308
bony fish,4.377561215,23854
booby,5.348748668,223228
border collie,4.254982879,17988
borzoi,4.554864538,35881
boston terrier,4.00225248,10052
botfly,3.895974732,7870
boto,4.088277876,12254
bottlenose,4.57156909,37288
bottlenose dolphin,4.09184275,12355
bottlenose whale,3.370328008,2346
bovine,5.941480623,873938
bowerbird,3.813113754,6503
bowfin,4.110017007,12883
bowhead,4.430703779,26959
bowhead whale,3.871397781,7437
box turtle,4.231902649,17057
boxelder bug,3.096910013,1250
boxer,5.83892776,690125
boxfish,3.395326393,2485
brachiopod,4.50551626,32027
brachiosaurus,4.0553401,11359
bream,5.014600334,103419
brimfish,0.0001,1
brine shrimp,4.488705794,30811
broadbill,4.008003672,10186
broadtail,3.599337133,3975
bronc,4.748877697,56089
bronco,5.175726298,149874
brontosaurus,4.445744276,27909
broodmare,3.912328358,8172
broody hen,3.635684763,4322
brook trout,5.00365437,100845
brown bear,4.898077644,79082
brown bullhead,3.732152418,5397
brown creeper,4.102159183,12652
brown hyena,3.272769587,1874
brown recluse,4.176872286,15027
brown recluse spider,3.908431399,8099
brown thrasher,4.287689784,19395
brown trout,4.841459584,69416
bruin,5.038318077,109224
bryozoan,4.361293324,22977
buck,6.477242551,3000838
bucking bronco,3.9733588,9405
budgerigar,4.101506496,12633
budgie,4.16459076,14608
buffalo,6.710471006,5134179
bufflehead,4.005437923,10126
bufo,4.926512221,84433
bug,6.151919343,1418794
bulbul,4.452660283,28357
bull,6.953478541,8984182
bull mastiff,3.228913406,1694
bull shark,3.607669437,4052
bull snake,3.852845818,7126
bull terrier,4.363912686,23116
bulldog,5.406485677,254968
bullfinch,4.555263778,35914
bullfrog,4.957559402,90690
bullhead,4.69707234,49782
bullhead catfish,3.183554534,1526
bullmastiff,3.432327792,2706
bullock,5.849378255,706933
bullsnake,3.455453969,2854
bumblebee,4.871660486,74415
bunny,5.809424355,644799
bunny rabbit,3.944334592,8797
bunting,5.588324379,387547
burbot,4.094680713,12436
burmese mountain dog,0.0001,1
burro,5.219634292,165819
bush squirrel,2.206825876,161
bushbaby,3.613313161,4105
bushbuck,4.080337823,12032
bushmaster,4.041629508,11006
bustard,4.616517523,41354
butterfish,4.033262876,10796
butterflies,6.028043109,1066702
butterfly,6.225709011,1681547
butterflyfish,4.010299957,10240
buzzard,5.410097009,257097
cactus wren,3.881213416,7607
caddis fly,3.815976001,6546
caecilian,4.082857149,12102
caiman,4.673592214,47162
cairn terrier,3.671358003,4692
calf,6.367029612,2328250
calico cat,4.011950866,10279
camel,6.123051541,1327552
cameo,5.409368342,256666
canary,5.80587722,639554
canebrake rattlesnake,2.904174368,802
canine,5.927853157,846941
canis lupus,4.131329894,13531
cankerworm,4.063896038,11585
canvasback,4.425208051,26620
canvasback duck,3.418798291,2623
cape buffalo,3.956456583,9046
capelin,4.116806916,13086
capercaillie,3.804480189,6375
capibara,2.939019776,869
caplin,4.345883213,22176
capon,5.076829701,119352
capuchin,5.127784876,134210
capuchin monkey,3.680516809,4792
capybara,4.21769446,16508
carabao,4.497496351,31441
caracal,4.090645958,12321
caracara,4.141104709,13839
cardinal,6.704668529,5066039
caribou,5.660478423,457592
carp,5.675990856,474232
carpenter ant,3.673020907,4710
carpenter bee,3.603901832,4017
carpet beetle,3.898889656,7923
carrier pigeon,4.219243872,16567
carrion crow,4.13411333,13618
carthorse,3.6599162,4570
cartilaginous fish,3.813380807,6507
cassowary,4.509296632,32307
cat,7.013143358,10307263
catamount,4.476875085,29983
catbird,4.730653098,53784
caterpillar,5.827004623,671436
catfish,5.632776063,429315
cattle,6.991457032,9805213
cattle egret,3.895533039,7862
cavalier king charles spaniel,3.366236124,2324
cavy,4.112705521,12963
cayote,3.58172216,3817
cedar waxwing,4.087035665,12219
centipede,4.986283438,96891
cephalopod,4.511174549,32447
ceratopsian,3.68547302,4847
cervid,3.551815822,3563
cetacean,4.605164929,40287
chachalaca,3.766933094,5847
chaffinch,4.463728792,29089
chain pickerel,3.663606708,4609
chambered nautilus,4.256429082,18048
chameleon,5.343097287,220342
chamois,5.240197177,173859
channel catfish,4.609039182,40648
char,6.135383293,1365788
charolais,4.328726085,21317
cheep,4.472317546,29670
cheetah,5.023964037,105673
chetah,3.42078062,2635
chewbacca,4.299180311,19915
chick,6.095076204,1244733
chickadee,4.985974049,96822
chicken,6.827585591,6723348
chigger,4.320831473,20933
chihuahua,5.671361706,469204
chimaera,4.5937954,39246
chimp,4.983833689,96346
chimpanzee,5.578696501,379050
chinch bug,4.226522576,16847
chinchilla,4.820615189,66163
chinook,5.354256382,226077
chinook salmon,4.567590935,36948
chipmunk,5.149619342,141130
chipping sparrow,4.243186924,17506
chocolate labrador,3.019531685,1046
chough,4.397470717,24973
chow chow,4.015485498,10363
christmas tree worm,2.893206753,782
chub,5.04901246,111947
chum salmon,4.112705521,12963
cicada,5.037115607,108922
cicada killer,3.149219113,1410
cichlid,4.51308436,32590
cichlid fish,3.730862992,5381
civet,4.811206235,64745
civet cat,3.978226182,9511
clam,5.762969496,579388
cleaner shrimp,3.084933575,1216
clown fish,3.572174314,3734
clownfish,3.925672994,8427
clydesdale,4.558684576,36198
coati,4.279050648,19013
coatimundi,3.5774918,3780
cobia,4.079000252,11995
cobra,5.674975897,473125
cochineal,5.0944292,124288
cock,6.346605457,2221291
cockatiel,4.163876656,14584
cockatoo,4.779942635,60248
cocker,5.083516953,121204
cocker spaniel,4.633518952,43005
cockerel,4.795108025,62389
cockle,5.011980441,102797
cockroach,5.326755613,212205
cockroaches,5.35955661,228853
cod,6.294381564,1969616
codfish,5.16478099,146144
codling,4.764639332,58162
codling moth,4.56676736,36878
coelacanth,4.271051261,18666
coho,4.819958292,66063
coho salmon,4.496001979,31333
collared lizard,3.544564097,3504
collared peccary,3.836387419,6861
collie,5.33323965,215397
colobus,4.522287703,33288
colobus monkey,3.672744198,4707
colt,6.053553985,1131238
colugo,3.235023159,1718
comb jelly,3.301464073,2002
common murre,3.551571974,3561
common scoter,3.06483222,1161
common yellowthroat,3.761927838,5780
conch,5.505215118,320048
condor,5.492043421,310487
coney,5.456754598,286256
conger,5.307335555,202925
conger eel,3.880642126,7597
constrictor,5.256135411,180358
conure,4.010808598,10252
coonhound,3.757320097,5719
coot,5.073278336,118380
cooter,4.531836424,34028
copepod,4.630244761,42682
copperhead,4.960988958,91409
copperhead snake,3.478710756,3011
coq,4.994180727,98669
coral,6.331696294,2146329
coral reef snake,0.0001,1
coral snake,4.404953388,25407
corbina,3.469674773,2949
corgi,4.478147871,30071
cormorant,5.075364446,118950
corn borer,4.506031244,32065
corn borer moth,2.079181246,120
corn earworm,4.082138831,12082
corn snake,3.601408061,3994
corncrake,3.852845818,7126
cornish game hen,3.647578554,4442
cotton bollworm,3.564073979,3665
cottonmouth,4.341177235,21937
cottonmouth moccasin,3.324282455,2110
cottontail,4.891213986,77842
cottontail rabbit,4.146283113,14005
cougar,5.313217401,205692
courser,4.896173348,78736
cow,6.679047222,4775812
cowbird,4.818173089,65792
cownose ray,2.710963119,514
cowrie,4.714539311,51825
cowry,4.361293324,22977
cows,6.517147318,3289632
coyote,6.007340169,1017045
coypu,3.783903579,6080
crab,6.158116322,1439184
crane,6.40422836,2536462
cranefly,3.370698093,2348
crappie,4.685356523,48457
crawdad,3.99646789,9919
crawfish,5.106731303,127859
crawler,4.999265421,99831
crayfish,5.429524579,268859
crevalle jack,2.977266212,949
cricket,5.980349759,955762
crinoid,4.550644098,35534
croaker,4.859282438,72324
croc,4.673085447,47107
crocodile,5.741384054,551295
crossbill,4.419493135,26272
crow,6.398037974,2500564
crucian carp,3.593618308,3923
crustacean,5.108551494,128396
cub,5.726807053,533098
cuckoo,5.697029591,497771
culex pipiens,4.111766433,12935
curlew,5.007986617,101856
cuscus,3.791409916,6186
cusk,3.9733588,9405
cuttlefish,4.756734973,57113
cutworm,4.445261614,27878
cygnet,4.391552567,24635
dace,4.837708358,68819
dachshund,4.827944074,67289
daddy longlegs,4.02362279,10559
dairy cattle,5.052208985,112774
dairy cow,4.530340597,33911
dall sheep,4.014730495,10345
dalmatian,5.045025522,110924
damsel fish,2.944975908,881
damselfish,4.068185862,11700
damselfly,4.050457095,11232
daphnia,4.905995448,80537
darkling beetle,3.106190897,1277
darning needle,4.153143857,14228
darter,4.926851569,84499
darwin frog,1.959041392,91
daschund,2.340444115,219
dear,7.403255423,25307860
decapod,4.397018327,24947
deer,6.706983738,5093118
deerhound,4.134368385,13626
degu,3.335257256,2164
desert tortoise,4.052039507,11273
devil,6.932462856,8559785
diamondback,4.573034142,37414
diamondback rattlesnake,3.76856411,5869
diamondback terrapin,3.542451947,3487
dik-dik,0.0001,1
dingo,4.772285025,59195
dinosaur,5.720477669,525385
dinosaurs,5.800175935,631213
diplodocus,4.306274875,20243
doberman,4.741198888,55106
doberman pinscher,4.046963154,11142
dodo,5.223345353,167242
dodo bird,3.832700471,6803
doe,6.348022772,2228552
dog,7.256114028,18034912
dogfish,4.873285717,74694
doggie,5.041976616,110148
doggy,4.866151416,73477
dogs,6.98735549,9713047
dolphin,5.864843201,732560
dolphinfish,3.462996612,2904
domingo,6.08020714,1202838
donkey,6.018421695,1043330
doodlebug,4.091737283,12352
dormouse,4.707697891,51015
dory,5.25922823,181647
dotterel,3.921113974,8339
double-crested cormorant,0.0001,1
dove,6.324396057,2110552
downy woodpecker,4.257750551,18103
dragon,6.477683302,3003885
dragon lizard,2.803457116,636
dragonfly,5.102978804,126759
drake,6.296060925,1977247
dray horse,3.72932681,5362
dromedary,4.745504187,55655
drosophila,5.767883535,585981
drum fish,2.977723605,950
duck,6.439638803,2751939
duckbill,4.178084433,15069
duckbilled platypus,3.269746373,1861
duckling,5.160282408,144638
ducks,6.183521519,1525884
dugong,4.467356482,29333
duiker,4.53766801,34488
dung beetle,4.083466785,12119
dungeness crab,4.201970342,15921
dunlin,4.118628415,13141
dusky shark,3.095866453,1247
dwarf hamster,2.967547976,928
dwarf rabbit,2.881384657,761
dwarf sperm whale,2.881384657,761
eagle,6.640854253,4373753
eagle ray,3.432488256,2707
eaglet,4.399344848,25081
eared grebe,3.628797486,4254
earthworm,5.194813943,156608
earwig,4.411282913,25780
eastern cottontail,3.637089274,4336
eastern indigo snake,2.980003372,955
eastern kingbird,3.770115295,5890
eastern lowland gorilla,2.692846919,493
eastern meadowlark,3.687528961,4870
eastern toebiter,0.0001,1
echidna,4.577537754,37804
echinoderm,4.531057191,33967
eel,5.818212033,657979
eelpout,3.368844507,2338
eels,5.537805248,344989
egret,5.003873949,100896
eider,4.979794132,95454
eider duck,3.90118578,7965
eland,4.919240268,83031
electric eel,4.217983753,16519
elephant,6.363660295,2310257
elephant seal,4.250980807,17823
elk,6.139565841,1379005
elkhound,3.727215821,5336
elver,4.059676994,11473
emerald shiner,3.11991541,1318
emperor penguin,3.950948714,8932
emu,5.299389611,199246
equine,5.50382744,319027
ermine,5.403002061,252931
escolar,4.285287197,19288
eugarie,0.0001,1
evening grosbeak,3.931966115,8550
ewe,5.498001612,314776
fairy shrimp,3.696443763,4971
falcon,5.93662582,864223
fall armyworm,3.800579622,6318
fall webworm,3.64738297,4440
fallow deer,4.492760389,31100
fawn,5.733247034,541062
feline,5.559176205,362390
fennec fox,3.151676231,1418
ferret,5.531510849,340025
fiddler crab,4.015108161,10354
filaria,4.66860953,46624
filly,5.220678052,166218
fin whale,3.945468585,8820
finback,4.11487775,13028
finback whale,3.445292769,2788
finch,5.891181625,778362
fire ant,4.444060418,27801
firebird,4.943746709,87851
firebug,4.045362103,11101
firefly,5.169268746,147662
fish,7.344814258,22121484
fish eagle,3.571126277,3725
fisher,6.604154313,4019336
fisher cat,2.897077003,789
flacon,3.788521887,6145
flamingo,5.26212584,182863
flatfish,4.54863506,35370
flathead catfish,3.548143637,3533
flatworm,4.288226862,19419
flea,5.81714343,656362
flea beetle,4.166755639,14681
flies,6.597524835,3958447
flounder,5.421176002,263740
fly,7.029176525,10694895
fly fish,3.495127881,3127
flycatcher,5.169932936,147888
flying fish,4.911429291,81551
flying monkey,3.096910013,1250
flying snake,3.230959556,1702
flying squirrel,4.510062193,32364
foal,5.411560786,257965
forest tent caterpillar,3.639087871,4356
fossa,5.945027666,881105
four eye butterfly fish,0.0001,1
foureye butterflyfish,2.283301229,192
fowl,6.059820813,1147680
fox,6.849727181,7075012
fox squirrel,4.200522192,15868
fox terrier,4.464280845,29126
foxes,5.862631008,728838
foxhound,4.300334568,19968
french bulldog,3.557747742,3612
fresh water fish,4.145165317,13969
freshwater eel,3.227372442,1688
freshwater fish,4.776352446,59752
freshwater mussel,3.671265433,4691
friesian,4.596696038,39509
frog,6.319346573,2086155
frogfish,3.541953474,3483
froghopper,3.260071388,1820
frogmouth,3.338057875,2178
fruit bat,4.069557105,11737
fruit fly,4.892995664,78162
fulmar,4.365506704,23201
fungi,6.223325357,1672343
fungus gnat,3.234264124,1715
gaboon viper,3.417803723,2617
gadfly,4.875315975,75044
gal,6.322333644,2100553
gall midge,3.735359333,5437
gall wasp,3.720737977,5257
gallinule,4.219479738,16576
gamecock,4.296730987,19803
gander,5.208849659,161752
gannet,4.611680832,40896
gar,5.691204422,491139
garden snake,3.341830057,2197
garfish,3.967407557,9277
garibaldi,5.591598795,390480
garter snake,4.507235007,32154
gator,5.024592381,105826
gaur,4.401917251,25230
gavial,3.818951312,6591
gazelle,5.345203116,221413
gecko,4.814460694,65232
geese,6.03987712,1096168
gelding,5.218850478,165520
gemsbok,4.099300726,12569
genet,6.033307928,1079712
geoduck,3.676053125,4743
gerbil,4.725674828,53171
gerbils,4.718999638,52360
german shepard,3.167612673,1471
german shepherd,4.916911691,82587
gharial,3.435525851,2726
ghost crab,3.493458051,3115
giant,6.832324809,6797118
giant anteater,3.621487865,4183
giant panda,4.336059278,21680
giant schnauzer,3.263162465,1833
giant squid,4.315949365,20699
giant tortoise,3.809425029,6448
gibbon,5.914347918,821009
giraffe,5.372025949,235519
glaucus,5.09528445,124533
glia monster,0.0001,1
glider,5.430104094,269218
globefish,3.173186268,1490
glowworm,4.420417869,26328
gnat,5.259366878,181705
gnatcatcher,4.279187678,19019
gnu,5.174251751,149366
goanna,3.783045572,6068
goat,6.365838461,2321873
goatfish,3.805500858,6390
goats,6.231891956,1705658
goby,4.540842315,34741
godwit,4.309949384,20415
godzilla,4.77480883,59540
gold fish,4.273464273,18770
golden eagle,4.968791048,93066
golden labrador,3.126131407,1337
golden marmot,1.755874856,57
golden plover,4.346607217,22213
golden retriever,4.674806047,47294
golden shiner,3.677333151,4757
goldendoodle,0.0001,1
goldfinch,4.937713431,86639
goldfish,5.475262847,298719
gooney bird,3.854488225,7153
goose,6.301955793,2004268
gopher,5.597291411,395632
gopher snake,3.779524343,6019
gopher tortoise,3.7355989,5440
gopher turtle,2.815577748,654
gorgonian,4.021437396,10506
gorilla,5.657093158,454039
goshawk,4.709854847,51269
gosling,4.99523142,98908
grackle,4.526597709,33620
grass snake,3.813380807,6507
grasshopper,5.629313758,425906
grasshopper mouse,3.579669294,3799
gray catbird,3.639486489,4360
gray fox,4.53879987,34578
gray jay,3.611935625,4092
gray mullet,3.368100852,2334
gray partridge,3.499549626,3159
gray whale,4.420698203,26345
gray wolf,4.842109763,69520
graywolf,4.174844494,14957
great auk,4.248022336,17702
great blue heron,4.50323214,31859
great crested grebe,3.427323786,2675
great dane,4.611680832,40896
great horned owl,4.509511662,32323
great pyrenees,3.677333151,4757
great white shark,4.259617767,18181
greater yellowlegs,3.709100282,5118
grebe,4.91999281,83175
green lacewing,3.351022853,2244
green mamba,3.360971884,2296
greenfly,3.678973376,4775
greenling,3.606703741,4043
greenshank,3.534533756,3424
grenadier,5.2365423,172402
grey squirrel,3.89337333,7823
grey whale,3.428458774,2682
greyhound,5.599537026,397683
greylag goose,3.466422722,2927
griffon,4.744081653,55473
griffon vulture,3.322426052,2101
grizzly,5.735626042,544034
grizzly bear,5.176441449,150121
grosbeak,4.816228039,65498
ground hog,4.189293756,15463
ground squirrel,4.8131605,65037
groundfish,4.113575717,12989
groundhog,4.796018969,62520
grouper,4.929434253,85003
grouse,5.741210709,551075
grub,5.699742361,500890
grunt,5.6539762,450792
guan,5.040420357,109754
guanaco,4.531312832,33987
gudgeon,4.691435152,49140
guenon,4.339948062,21875
guerrilla,6.096613897,1249148
guillemot,4.479618493,30173
guinea fowl,4.534114988,34207
guinea hen,4.171814181,14853
guinea pig,5.672205032,470116
guinea worm,4.151216579,14165
guineafowl,3.679518744,4781
gull,5.752741229,565902
gumboot chiton,2.029383778,107
gunnel,4.370772072,23484
guppy,4.967557336,92802
gurnard,4.068779363,11716
gypsy moth,4.797094343,62675
gyrfalcon,4.157335862,14366
hackney,5.428777657,268397
haddock,5.303176611,200991
hadrosaur,3.726808683,5331
hagfish,4.308051921,20326
hairless cat,2.669316881,467
hairstreak,4.19384782,15626
hairstreak butterfly,2.63748973,434
hairy woodpecker,4.135069014,13648
hake,5.16790781,147200
halcyon,5.237744754,172880
halibut,5.378864653,239257
hammerhead,4.707485012,50990
hammerhead shark,3.795532443,6245
hamster,5.543432268,349488
harambe,3.264817823,1840
harbor porpoise,3.674401813,4725
harbor seal,4.103940485,12704
hare,6.387898578,2442860
harp seal,3.897517129,7898
harpy eagle,3.85388065,7143
harrier,4.96261554,91752
hart,6.509091985,3229178
hartebeest,4.290902333,19539
hawk,6.384581525,2424273
hawk moth,3.721068302,5261
hawk owl,3.703807065,5056
hawkmoth,3.691169934,4911
hawksbill,4.363198169,23078
hawksbill turtle,3.654272827,4511
heath hen,3.927319025,8459
hedgehog,5.301448888,200193
heifer,5.482151541,303495
hellbender,3.73479983,5430
helminth,4.602038276,39998
hen,6.445523252,2789480
hen harrier,3.387923467,2443
hermit,6.014281485,1033431
hermit crab,4.481714873,30319
hermit thrush,4.45235387,28337
heron,5.802004309,633876
herring,6.00100423,1002315
herring gull,4.473983023,29784
hexapod,3.813647695,6511
hinny,4.153113332,14227
hippo,5.321687476,209743
hippopotamus,5.258390618,181297
hoary marmot,3.51295108,3258
hoatzin,3.774954689,5956
hog,6.119184601,1315784
hogfish,3.706034661,5082
hogg,5.600370561,398447
hogget,3.416640507,2610
hognose snake,3.563836919,3663
hogs,6.061586667,1152356
holstein,5.680900001,479623
homing pigeon,4.098609119,12549
hominid,5.250778513,178147
hominoid,4.342225229,21990
homo erectus,4.948970148,88914
homo habilis,4.511415407,32465
homo sapiens,5.477076375,299969
honey badger,3.527629901,3370
honey bee,4.889424969,77522
honey buzzard,3.286007122,1932
honeybee,4.931508722,85410
honeycreeper,3.951191758,8937
hooded merganser,3.923295841,8381
hoofed mammal,3.199480915,1583
hookworm,5.149840848,141202
hoopoe,4.558948446,36220
hoot owl,4.048092052,11171
hornbill,4.403292145,25310
horned dinosaur,3.316808752,2074
horned lizard,4.00838723,10195
horned owl,4.702585614,50418
horned toad,4.244400834,17555
hornet,5.480810076,302559
horse,7.396710537,24929326
horsefly,4.26594929,18448
horsehead,4.213836388,16362
horseshoe crab,4.349665984,22370
hound,5.993870748,985986
hound dog,4.639944448,43646
housefly,4.601712417,39968
hoverfly,3.228400359,1692
howler monkey,4.099024216,12561
howling monkey,3.543695632,3497
human,7.989650076,97645015
human being,6.578301498,3787054
hummingbird,5.352031937,224922
hummingbird moth,2.814247596,652
humpback whale,4.292078772,19592
humuhumunukunukuapua,0.0001,1
huntsman,5.42222367,264377
huntsman spider,2.46686762,293
huskie,3.507045872,3214
huskies,4.64852589,44517
husky,5.729942744,536961
hydra,5.523780273,334026
hyena,5.284998893,192752
hyenas,5.120020841,131832
hyrax,4.244153373,17545
ibex,4.825581891,66924
ibis,5.479517727,301660
ichthyosaur,3.943346098,8777
iguana,5.173809573,149214
imago,5.357071114,227547
impala,4.829220123,67487
inchworm,4.043833654,11062
indigo bunting,4.14088498,13832
indigo snake,3.550595207,3553
indri,3.892984551,7816
insect,6.519563532,3307985
invertebrate,5.452310955,283342
isopod,4.2912134,19553
itch mite,3.835690571,6850
ivory billed,2.46834733,294
ivory gull,3.411956238,2582
jabiru,3.918292513,8285
jack,7.197453111,15756259
jack crevalle,3.224014811,1675
jack mackerel,3.799202656,6298
jack rabbit,4.505353506,32015
jack russell,4.32565931,21167
jack russell terrier,3.893095666,7818
jackal,5.364676669,231567
jackalope,3.596377144,3948
jackass,5.155190236,142952
jackass penguin,3.018284308,1043
jackdaw,4.693507109,49375
jackrabbit,4.745433951,55646
jaguar,5.702579584,504173
jaguarundi,3.734639839,5428
javelina,4.139343756,13783
jawless fish,3.511616021,3248
jay,6.553945134,3580512
jaybird,4.388154508,24443
jellyfish,5.224579675,167718
jerboa,4.25173553,17854
jewfish,3.952986065,8974
jigger,4.837228481,68743
joey,5.970347341,934001
junco,4.780115603,60272
june beetle,3.657151502,4541
june bug,4.27392678,18790
jungle fowl,4.052963129,11297
kangaroo,5.566218227,368314
kangaroo rat,4.439364278,27502
karakul,4.172310969,14870
katydid,4.508583582,32254
kea,4.966564084,92590
keeshond,3.725993259,5321
kelp greenling,2.759667845,575
kelpie,4.352857562,22535
kestrel,4.90920824,81135
keyhole limpet,3.899163641,7928
kid,6.77461447,5951336
killdeer,4.643788138,44034
killer bee,3.441695136,2765
killer whale,4.654523069,45136
killifish,4.305329869,20199
king cobra,4.108598846,12841
king crab,4.414438502,25968
king mackerel,3.941063988,8731
king salmon,4.419112763,26249
kingbird,4.668311353,46592
kingfish,4.709117252,51182
kingfisher,5.192818257,155890
kingsnake,3.967079734,9270
kinkajou,3.944433318,8799
kite,5.883034236,763896
kitfox,2.240549248,174
kitten,5.855944762,717703
kittiwake,4.270608971,18647
kitty,6.173940819,1492591
kitty cat,3.854548936,7154
kiwi,5.053481804,113105
koala,4.747015401,55849
koala bear,3.800717078,6320
kodiak,5.106299712,127732
kodiak bear,3.605197267,4029
koi,5.029619126,107058
koi fish,3.120573931,1320
komodo dragon,3.9259821,8433
kongoni,3.839100783,6904
kookaburra,4.036509129,10877
krait,4.0309234,10738
krill,4.835563752,68480
kuala,5.3339347,215742
kudu,4.528312379,33753
lab,6.5534405,3576354
labrador,5.723045813,528501
labrador retriever,4.38244932,24124
lacewing,4.033101937,10792
lady bug,3.818093869,6578
ladybird,4.676053125,47430
ladybird beetle,3.717504075,5218
ladybug,4.670032365,46777
ladyfish,3.519696767,3309
lake trout,4.874510808,74905
lake whitefish,3.678791434,4773
lamb,6.675464877,4736580
lamprey,5.03322667,107951
lamprey eel,3.392169149,2467
landlocked salmon,3.990205615,9777
langur,4.320167065,20901
lanternfish,3.283527365,1921
lapdog,4.393487458,24745
lapin,4.683110105,48207
lapwing,4.587138262,38649
largemouth bass,4.689184503,48886
lark,5.903476337,800712
larva,5.976938423,948284
larvae,6.320905948,2093659
laughing gull,3.93530569,8616
leach,5.868877097,739396
leaf beetle,4.224066664,16752
leaf insect,3.172310969,1487
leafhopper,4.582779018,38263
leatherback,4.259975928,18196
leatherback turtle,3.60238559,4003
leatherjacket,3.26904571,1858
lechwe,3.681512587,4803
leech,5.669471228,467166
legless lizard,3.1430148,1390
lemming,4.733269508,54109
lemur,4.904358444,80234
leopard,5.875985616,751598
leopard frog,4.163399933,14568
leopard seal,3.640183192,4367
leopard shark,3.399154334,2507
leopardess,3.846646329,7025
lepidopteran,4.268882059,18573
lesser scaup,4.078855403,11991
lesser yellowlegs,3.751971575,5649
lhasa apso,3.819478128,6599
liger,4.050495759,11233
limpet,4.770476442,58949
lingcod,3.943791199,8786
linnet,5.125637388,133548
lion,6.723957079,5296111
lion cub,4.086003706,12190
lioness,5.259252138,181657
lionfish,3.853454841,7136
lions,6.277331819,1893790
little brown myotis,3.102090526,1265
lizard,5.89522027,785634
llama,5.269141534,185841
loach,4.580639912,38075
lobster,5.989108389,975233
locust,5.795195029,624015
loggerhead,4.724701761,53052
loggerhead shrike,3.92158244,8348
loggerhead turtle,3.809559715,6450
longhorn,4.851753529,71081
longneck,3.62930764,4259
loon,5.501360561,317220
lorikeet,3.83193373,6791
loris,4.790313318,61704
louse,5.516622621,328566
lovebird,4.085076411,12164
lugworm,3.53032779,3391
lumpfish,3.592842683,3916
luna moth,3.727378569,5338
lungfish,4.426966463,26728
lungless salamander,2.56937391,371
lynx,5.512449579,325424
lyrebird,3.674217946,4723
macaque,5.029237635,106964
macaque monkey,4.217536583,16502
macaw,4.870380493,74196
mackerel,5.555095658,359001
mackerel tuna,2.322219295,210
madagascar hissing cockroach,2.198657087,158
maggot,5.173780466,149204
magpie,5.296608158,197974
mahi,4.627406826,42404
mahimahi,4.289588953,19480
mako shark,3.767081621,5849
malamute,4.174786417,14955
malarial mosquito,3.522444234,3330
maleo,3.396722279,2493
malinois,3.356981401,2275
mallard,5.335514064,216528
mallee fowl,3.171433901,1484
maltese,5.364340832,231388
maltese terrier,2.84260924,696
mamba,4.535952027,34352
mammal,5.780123529,602731
mammoth,5.911730606,816076
man,8.405828989,254582759
manakin,4.211601044,16278
manatee,5.024452828,105792
mandrill,4.136657162,13698
maned wolf,3.456062224,2858
mangabey,3.848189117,7050
mangrove snapper,3.222196046,1668
manowar,3.012837225,1030
manta,4.868632685,73898
manta ray,3.930847192,8528
mantis,5.101128176,126220
mantis shrimp,3.566790912,3688
marabou,4.360233561,22921
marabou stork,3.302547372,2007
mare,6.290514742,1952157
markhor,3.629511534,4261
marlin,5.406778551,255140
marmoset,4.596740004,39513
marmot,4.918208634,82834
marsh harrier,3.434728542,2721
marsh wren,4.176293883,15007
marsupial,4.950023907,89130
marten,5.341286107,219425
mason bee,3.181557774,1519
massasauga,3.752048448,5650
mastiff,5.05999863,114815
mastodon,5.047177481,111475
maverick,5.52468815,334725
mayfly,4.690329007,49015
meadow pipit,3.361350024,2298
meadow vole,3.869114327,7398
meadowlark,4.767326581,58523
mealworm,4.057171442,11407
mealy bug,3.874365836,7488
mealybug,4.332902806,21523
medfly,3.808885867,6440
medicinal leech,3.654753933,4516
medusa,5.515280256,327552
meerkat,3.812512284,6494
megalodon,3.757244151,5718
menhaden,4.80411216,63696
merganser,4.65394537,45076
merino sheep,4.467519314,29344
merlin,5.872375405,745376
metazoan,4.493444109,31149
mice,6.640588656,4371079
microbe,5.282184653,191507
midge,5.306665164,202612
milch cow,4.26401458,18366
milkfish,3.915610863,8234
milking shorthorn,3.561220679,3641
millipede,4.306660877,20261
miniature pinscher,3.437909036,2741
miniature pony,2.487138375,307
miniature poodle,3.632963168,4295
miniature schnauzer,3.8109714,6471
mink,5.673333376,471339
minke whale,3.815312044,6536
minnow,5.21399827,163681
minnow fish,1.857332496,72
minx,4.846046248,70153
mirid bug,2.403120521,253
mistle thrush,3.127104798,1340
mite,5.792850258,620655
moccasin,5.203511544,159776
mockingbird,5.108064146,128252
mojarra,3.82549103,6691
mola,4.831914545,67907
mole,6.347595976,2226363
mole rat,3.790777601,6177
mollusk,4.948960379,88912
monarch butterfly,4.396077239,24893
mongoose,4.984473304,96488
monitor,6.749865426,5621671
monitor lizard,3.840043331,6919
monkey,6.401926546,2523054
monkeys,6.279413684,1902890
monkfish,4.475540445,29891
monotreme,3.824256038,6672
monster,6.500453842,3165584
moonfish,3.457124626,2865
moorhen,4.104691919,12726
moose,5.977754233,950067
moray,5.300545487,199777
moray eel,3.958563883,9090
mosquito,6.026549198,1063039
mosquitofish,3.884568815,7666
moth,6.090354709,1231274
moths,5.829728852,675661
mouflon,4.000867722,10020
mountain cat,3.782114147,6055
mountain goat,4.730265335,53736
mountain gorilla,4.117602692,13110
mountain lion,5.028693228,106830
mourning dove,4.659773629,45685
mouse,6.776846046,5981995
mud dauber,3.580468784,3806
mudskipper,3.4448252,2785
mule,6.274039557,1879488
mule deer,4.985022082,96610
mules,6.210939147,1625321
mullet,5.229881413,169778
mulloway,2.267171728,185
muntjac,3.853393977,7135
murre,4.321826184,20981
muscovy duck,3.850033258,7080
musk deer,4.102090526,12650
musk ox,4.393452355,24743
musk turtle,3.621695462,4185
muskellunge,4.254910442,17985
muskox,4.093106357,12391
muskrat,5.248135176,177066
mussel,5.342511505,220045
mustang,5.55104113,355665
mute swan,3.814913181,6530
mutton snapper,3.0523091,1128
myna,4.14016223,13809
myna bird,3.346352974,2220
mynah,4.233554493,17122
mynah bird,3.713574538,5171
naked mole rat,3.193402903,1561
narwhal,4.566732029,36875
nautilus,5.460323413,288618
neanderthal,5.277664214,189524
needlefish,3.836197481,6858
nematode,5.355782814,226873
nematode worm,3.656194062,4531
newt,5.456781906,286274
nightcrawler,3.735279448,5436
nightingale,5.964732805,922004
nightjar,4.251784177,17856
nilgai,3.702861171,5045
northern bobwhite,3.598024072,3963
northern harrier,3.772908195,5928
northern parula,3.675319983,4735
northern pike,4.533021751,34121
northern pocket gopher,3.077004327,1194
northern shrike,3.818225894,6580
northern snakehead,2.127104798,134
nudibranch,4.034748743,10833
nurse shark,3.753506457,5669
nuthatch,4.748366361,56023
nutria,4.402364569,25256
nyala,3.931864513,8548
oarfish,3.272073788,1871
ocean pout,3.064083436,1159
ocean sunfish,3.480006943,3020
oceanic whitetip shark,2.494154594,312
ocelot,4.575799584,37653
octopus,5.564172321,366583
okapi,4.23726719,17269
olive ridley,3.581608366,3816
omnivore,4.366591039,23259
onion thrips,3.481442629,3030
opah,3.544192111,3501
opossum,5.217673413,165072
opossum shrimp,3.186391216,1536
orang,5.17316295,148992
orange roughie,1.73239376,54
orangutan,4.807399713,64180
orangutang,3.110252917,1289
orca,4.752217521,56522
orca whale,2.874481818,749
orchard oriole,3.971043792,9355
oriole,5.212871812,163257
ormer,4.068964666,11721
ornithopod,3.615844883,4129
ortolan,4.257246465,18082
oryx,4.906124848,80561
osprey,5.121320145,132227
ostrich,5.653586811,450388
ostriches,4.984900691,96583
otter,5.857683409,720582
ovenbird,4.180498623,15153
owl,6.247115609,1766508
owlet,4.412191655,25834
ox,6.331019334,2142986
oxen,6.165281134,1463124
oyster,6.065144455,1161835
oystercatcher,4.058122216,11432
oysters,6.019094263,1044947
pachyderm,4.211280768,16266
packhorse,4.510169532,32372
packrat,4.142733511,13891
paddlefish,4.051152522,11250
pajero,3.328379603,2130
palm civet,3.462248215,2899
palo verde borer,0.0001,1
palomino,4.852815344,71255
panda,5.255675247,180167
panda bear,3.716253826,5203
pangolin,4.249687428,17770
panther,5.886284809,769635
papillon,4.715694216,51963
parakeet,4.868873573,73939
parasitic worm,3.767823498,5859
parrot,5.921096266,833866
parrotfish,4.165363051,14634
partridge,5.867409735,736902
passerine,4.503422943,31873
peacock,6.002633379,1006082
peafowl,4.150602952,14145
peahen,3.975431809,9450
pearl oyster,4.014520539,10340
peccary,4.723275021,52878
peckerwood,4.006508828,10151
pectoral sandpiper,3.755417463,5694
pelican,5.581928051,381881
pembroke welsh corgi,3.209515015,1620
penguin,6.25042049,1780002
perch,5.988299373,973418
peregrine,5.460870792,288982
peregrine falcon,4.543211019,34931
periodical cicada,3.626750854,4234
perro,4.647646988,44427
persian cat,4.119816546,13177
person,7.926915522,84511444
pescador,4.119288889,13161
petrel,5.068122755,116983
pewee,4.606596309,40420
phalarope,4.434153571,27174
pheasant,5.619704671,416586
phoenix,6.320539674,2091894
pickerel,5.047228125,111488
piffle,4.20871002,16170
pig,6.611542969,4088302
pigeon,6.10484819,1273058
pigfish,3.265053789,1841
piggy,5.222497969,166916
piglet,4.878021724,75513
pika,4.392573856,24693
pike,6.311388052,2048274
pike perch,3.604226053,4020
pilchard,4.380066453,23992
pileated woodpecker,4.215505378,16425
pill bug,3.455606113,2855
pilot whale,3.91481898,8219
pincher,4.547331573,35264
pine grosbeak,3.934548948,8601
pine marten,3.962984584,9183
pine siskin,3.898780013,7921
pinfish,3.610873,4082
pink bollworm,4.045557669,11106
pink salmon,4.273996114,18793
pinniped,3.959232249,9104
pinscher,4.246941512,17658
pintail,4.579017191,37933
pinto horse,3.498172661,3149
pinworm,4.363254621,23081
pipefish,3.959851955,9117
piping plover,4.008515008,10198
pipistrelle,3.718667735,5232
pipit,4.481069807,30274
piranha,4.59337469,39208
pistol shrimp,2.930439595,852
pit bull,4.634195038,43072
pit bull terrier,3.430880946,2697
pit viper,4.117933835,13120
pitbull,3.628184508,4248
placental mammal,3.474653253,2983
placoderm,3.550595207,3553
plaice,4.693471924,49371
planaria,4.481729197,30320
plankton,5.571781014,373062
platypus,4.736667354,54534
plesiosaur,3.942652812,8763
plover,5.303142037,200975
pochard,4.011612729,10271
pocket gopher,4.395308916,24849
poison dart frog,3.110252917,1289
polar,6.534516632,3423865
polar bear,5.185295616,153213
polecat,4.721843577,52704
pollack,5.46893338,294397
pollock,5.880799306,759975
pollywog,3.805024844,6383
polo pony,3.904174368,8020
polychaeta,4.296050602,19772
pomeranian,4.660115721,45721
pompano,4.782680405,60629
pony,6.179719502,1512584
pooch,4.690080844,48987
poodle,5.355604751,226780
popinjay,4.41204033,25825
porbeagle,3.494154594,3120
porcupine,5.580630787,380742
porgy,5.119467045,131664
pork,6.422526808,2645616
porpoise,5.233392128,171156
portuguese water dog,3.205745541,1606
possum,5.440409986,275683
potato beetle,4.393820795,24764
potbellied pig,3.218272854,1653
potoroo,3.143951116,1393
poultry,6.2976058,1984293
pouter,4.330697798,21414
prairie cat,1.698970004,50
prairie chicken,4.533708523,34175
prairie dog,4.901915806,79784
prairie grouse,3.475816413,2991
prairie rattlesnake,3.508664363,3226
prairie vole,3.663229635,4605
prawn,4.821605225,66314
praying mantis,4.561005924,36392
primate,5.892763902,781203
proboscis monkey,3.561935763,3647
pronghorn,4.767445299,58539
pronghorn antelope,4.170408412,14805
protists,4.738796408,54802
psyllid,3.908753019,8105
ptarmigan,5.007303871,101696
pterodactyl,4.377251596,23837
pterosaur,3.982904118,9614
pubic louse,3.419294722,2626
puff adder,3.829303773,6750
puffer,4.918397339,82870
puffer fish,4.027023255,10642
pufferfish,3.792671789,6204
puffin,4.92727795,84582
pug,5.300371541,199697
puggle,2.515873844,328
pullet,4.854646055,71556
puma,5.219539994,165783
pumpkinseed,4.006594386,10153
pup,5.682114377,480966
pupa,5.405609282,254454
puppy,6.031090808,1074214
purple finch,4.254620574,17973
purple gallinule,3.679609572,4782
purple marten,1.929418926,85
puss,5.292524099,196121
pussycat,4.72084536,52583
pygmy chimpanzee,3.723865964,5295
pygmy elephant,2.854306042,715
pygmy goat,2.932473765,856
pygmy marmoset,3.296445794,1979
pygmy sperm whale,3.195622944,1569
python,5.589901592,388957
quagga,4.259689423,18184
quahog,4.115510662,13047
quail,5.858834846,722495
queen bee,4.694473575,49485
queenfish,3.507855872,3220
quetzal,4.800180751,63122
rabbit,6.568628649,3703639
raccoon,5.500824927,316829
raccoon fox,1.880813592,76
racehorse,4.885779479,76874
racoon,4.426446194,26696
ragdoll cat,1.995635195,99
rainbow lorikeet,2.826074803,670
rainbow smelt,3.489817908,3089
rainbow trout,5.20135342,158984
rainbowfish,3.085290578,1217
ram,6.409241758,2565912
raptor,4.950661748,89261
rat,6.766463413,5840680
rat snake,3.99264187,9832
rat terrier,3.436003536,2729
ratite,3.65079304,4475
raton,5.564217338,366621
rattler,5.068363997,117048
rattlesnake,5.648320972,444960
raven,6.2387933,1732979
ray,7.101131995,12622111
razor clam,3.698709349,4997
razorback,4.381115081,24050
razorbill,3.698361566,4993
red admiral butterfly,2.882524538,763
red bellied woodpecker,0.0001,1
red drum,4.025469719,10604
red fox,4.991026609,97955
red kangaroo,3.73933496,5487
red panda,3.516403148,3284
red robin,3.905849827,8051
red shouldered hawk,2.161368002,145
red snapper,4.825315745,66883
red squirrel,4.633710785,43024
red tailed hawk,2.782472624,606
red winged blackbird,2.390935107,246
redbird,4.49780013,31463
redbone,3.926548225,8444
redbreast,4.621249004,41807
redbug,3.011147361,1026
redear,3.635383204,4319
redfish,4.53444496,34233
redheaded woodpecker,3.468937806,2944
redhorse,3.94319763,8774
redhorse sucker,2.146128036,140
redpoll,4.189518386,15471
redshank,3.897791982,7903
redstart,4.530724634,33941
redtail,3.929316727,8498
redtail hawk,2.818885415,659
redwing,4.548794652,35383
reed bunting,3.239549721,1736
reef shark,3.578295305,3787
reindeer,5.764092405,580888
remora,4.384048602,24213
reptile,5.656324398,453236
reticulated python,3.436480695,2732
retriever,5.185981044,153455
rhea,5.461744567,289564
rhesus macaque,3.795114986,6239
rhesus monkey,5.02746785,106529
rhino,5.286768493,193539
rhinoceros,5.506841784,321249
rhinoceros beetle,3.514547753,3270
ribbonfish,2.843855423,698
right whale,4.558900481,36216
ring-tailed lemur,3.331022171,2143
ringtail,4.193764433,15623
ringtail cat,2.854913022,716
river otter,4.133890034,13611
river rat,3.777209258,5987
roach,5.68899257,488644
roadrunner,4.635785236,43230
robin,6.526197074,3358900
robin redbreast,4.226780287,16857
rock hyrax,3.215901813,1644
rockfish,4.819366233,65973
rockhead,3.408748606,2563
rodent,5.625281576,421970
roe,6.047965683,1116775
roe deer,4.293495143,19656
roly-poly,0.0001,1
rook,5.496515903,313701
rooster,5.703855165,505656
roseate spoonbill,3.864629725,7322
roseate tern,3.593728999,3924
rotifer,4.359930296,22905
rottweiler,4.493151218,31128
roundworm,4.512510964,32547
rudd,5.286108266,193245
ruddy duck,4.017200344,10404
ruddy turnstone,3.69966432,5008
ruffed grouse,4.834827466,68364
ruminant,4.906798186,80686
russian blue,3.5774918,3780
rusty blackbird,3.695306522,4958
saber tooth,3.239549721,1736
sabertoothed cat,2.44870632,281
sabertoothed tiger,3.034227261,1082
sable,5.823362055,665828
sable antelope,3.773127924,5931
sacred ibis,3.576571684,3772
sage grouse,4.250785827,17815
saiga,4.214472951,16386
sailfish,4.594094078,39273
saint bernard,4.837272703,68750
saki monkey,2.584331224,384
salamander,5.410270964,257200
salmon,6.535997664,3435561
salmonid,4.395798006,24877
saltwater crocodile,3.397418542,2497
saltwater fish,4.145351817,13975
saluki,3.872564143,7457
sand cat,3.11058971,1290
sand crab,3.625106575,4218
sand dab,3.120573931,1320
sand dollar,4.218771756,16549
sand lance,3.493597449,3116
sand shark,3.461948495,2897
sandbar shark,3.108226656,1283
sandfish,3.08278537,1210
sandfly,4.235578943,17202
sandhill crane,4.276760423,18913
sandpiper,5.133867698,136103
sapsucker,4.44479401,27848
sardine,5.159028503,144221
sauropod,4.333265861,21541
sauropod dinosaur,3.246498581,1764
saury,3.854488225,7153
sawfish,4.057628073,11419
sawfly,4.643472417,44002
scallop,5.206922975,161036
scaly anteater,3.096562438,1249
scarab,4.93578428,86255
scarlet macaw,3.734719842,5429
scarlet tanager,4.301550837,20024
scaup,4.532919914,34113
schipperke,3.488409689,3079
schistosome,4.29194575,19586
schnauzer,4.331730893,21465
scorpion,5.601377613,399372
scorpionfish,3.841797299,6947
scoter,4.399864008,25111
scottish fold,3.36660971,2326
scottish shetland,2.033423755,108
screech owl,4.632690068,42923
scrod,4.083144143,12110
scrub jay,3.822886948,6651
sculpin,4.552412674,35679
scup,4.032054375,10766
sea anemone,4.494182433,31202
sea bass,4.947423918,88598
sea bear,3.462996612,2904
sea bream,4.183412212,15255
sea cow,4.194764024,15659
sea cucumber,4.353570042,22572
sea lamprey,4.10222783,12654
sea lion,4.973931017,94174
sea lions,5.023021872,105444
sea monkey,2.824125834,667
sea otter,4.858795772,72243
sea otters,4.713809636,51738
sea ray,3.443106457,2774
sea scorpion,3.189490314,1547
sea slug,4.091209565,12337
sea slug aplysia,2.556302501,360
sea snake,4.150725747,14149
sea sponge,3.690639012,4905
sea squirt,3.71941416,5241
sea star,4.330697798,21414
sea turtle,4.691797355,49181
sea urchin,5.139233459,137795
seabird,4.683578318,48259
seagull,5.117940455,131202
seahawk,3.988246723,9733
seahorse,4.578925589,37925
seal,6.788763103,6148414
sealion,3.965342836,9233
sedge wren,3.269979677,1862
sei whale,3.689131197,4888
serow,3.87052095,7422
serpent,6.380056316,2399144
serval,4.063445953,11573
shad,5.532233168,340591
shar pei,3.145196406,1397
shark,6.054603863,1133976
shearwater,4.641999309,43853
sheep,6.924172871,8397942
sheepdog,4.650161762,44685
sheepshead,4.603988314,40178
shelduck,3.656960183,4539
shellfish,5.701157672,502525
shepherd,6.542772537,3489575
shetland pony,4.287913647,19405
shetland sheepdog,3.71222867,5155
shih tzu,4.25229464,17877
shipworm,3.83231727,6797
shorebird,4.276254948,18891
shortfin mako,3.108903128,1285
shorthorn,4.765720697,58307
shoveler,4.291635207,19572
shrew,5.545810408,351407
shrike,4.955932964,90351
shrimp,6.17749985,1504873
siamang,3.964401071,9213
siamese cat,4.262498551,18302
siberian blue robin,2.071882007,118
siberian husky,3.872622379,7458
siberian tiger,3.740520586,5502
sidewinder,4.719430732,52412
sika,4.253967663,17946
silkworm,5.188858204,154475
silkworm moth,3.658774321,4558
silky terrier,3.322012439,2099
silverback,4.004149342,10096
silverback gorilla,2.867467488,737
silverfish,4.31103297,20466
silvertip,4.073681699,11849
siphonophore,3.523486332,3338
siskin,4.486317108,30642
skate,5.583905769,383624
skink,4.513537208,32624
skipjack,4.675750854,47397
skipjack tuna,4.120080134,13185
skua,4.467193589,29322
skunk,5.613026358,410229
skylark,5.091540343,123464
sled dog,4.272584149,18732
slender loris,3.301464073,2002
slime eels,2.572871602,374
sloth,5.603616317,401436
sloth bear,3.551083865,3557
slow loris,3.612359948,4096
slug,5.665824803,463260
smallmouth,4.722502298,52784
smallmouth bass,4.476990947,29991
smalltooth sawfish,2.336459734,217
smelt,5.594605778,393193
smooth dogfish,3.336059278,2168
smooth hammerhead,2.652246341,449
snail,5.853805252,714176
snail darter,4.074121306,11861
snailfish,2.563481085,366
snake,6.615078486,4121720
snapper,5.33162567,214598
snapping turtle,4.47677368,29976
snipe,5.346845678,222252
snoek,4.138049944,13742
snook,4.903111701,80004
snow crab,3.592509848,3913
snow leopard,4.447033929,27992
snow lion,4.147923539,14058
snow monkey,2.779596491,602
snowbird,4.608729227,40619
snowshoe hare,4.248512732,17722
snowy egret,4.062957834,11560
snowy owl,4.321846883,20982
sockeye,4.719331287,52400
sockeye salmon,4.394889257,24825
song thrush,3.701481636,5029
songbird,4.736396502,54500
soupfin,3.175511813,1498
sow,6.12976302,1348227
spadefish,3.56014584,3632
spadefoot,4.084147133,12138
spadefoot toad,3.565020928,3673
spaniel,5.358528738,228312
spanish mackerel,4.194486591,15649
sparrow,6.063752812,1158118
sparrow hawk,4.465486951,29207
spearfish,4.403977964,25350
speckled trout,4.309374625,20388
spectacled caiman,3.134495856,1363
sperm whale,4.959623243,91122
sphinx moth,3.785044958,6096
spider,6.281649128,1912710
spider crab,3.81967552,6602
spider mite,4.313318735,20574
spider monkey,4.275380468,18853
spiny anteater,3.741860394,5519
spiny dogfish,3.808075868,6428
spiny dogfish shark,2.374748346,237
spiny lobster,4.197941836,15774
spitting cobra,3.504334912,3194
spitz,5.247862838,176955
sponge,6.141135776,1383999
spoonbill,4.367132192,23288
spotted flycatcher,3.20167018,1591
spotted hyena,3.859018144,7228
spotted owl,4.665280727,46268
spotted salamander,3.721893016,5271
spotted sandpiper,4.119717659,13174
sprat,4.876979498,75332
spring peeper,3.644635504,4412
springbok,4.443966678,27795
springer spaniel,4.063220736,11567
spruce bark beetle,3.105169428,1274
spruce grouse,4.024772913,10587
squab,4.834547858,68320
squid,5.636561108,433073
squirrel,6.080840335,1204593
squirrel monkey,4.471687677,29627
staffordshire bull terrier,3.283074975,1919
staffordshire terrier,3.34321159,2204
stag,5.78537611,610065
stag beetle,3.677971753,4764
staghorn coral,3.398981067,2506
stallion,5.768888839,587339
standard poodle,3.692935003,4931
star-nosed mole,0.0001,1
starfish,5.312262006,205240
stargazer,4.403377932,25315
starling,5.492662627,310930
steed,5.87640203,752319
steenbok,3.456517858,2861
steeplechase horse,2.699837726,501
steer,6.135401417,1365845
stegosaurus,4.41140082,25787
steller jay,2.870988814,743
stick bug,2.139879086,138
stick insect,3.837335868,6876
stickleback,4.631778493,42833
stilt,4.954025308,89955
stingray,4.674778498,47291
stinkbug,3.643255225,4398
stoat,4.690869158,49076
stone curlew,3.305566314,2021
stone marten,3.245512668,1760
stonefish,3.882638362,7632
stonefly,4.195124423,15672
stony coral,3.3287872,2132
stork,5.487757546,307438
storm petrel,3.7387013,5479
stormy petrel,4.311690301,20497
striped bass,4.989396418,97588
striped hyena,3.404491618,2538
striped marlin,3.731588765,5390
striped mullet,3.615318657,4124
striped skunk,3.937216891,8654
striper,4.382017043,24100
sturgeon,5.528554209,337718
suckerfish,3.288919606,1945
sugar glider,3.324899497,2113
summer tanager,3.852967691,7128
sun bear,3.987710943,9721
sun conure,2.521138084,332
sunfish,5.03187281,107615
superbug,3.253822439,1794
surfperch,3.714664993,5184
surgeon fish,3.329804522,2137
surgeonfish,3.841797299,6947
swallow,6.403070566,2529709
swallowtail,4.740023017,54957
swamp sparrow,3.885248108,7678
swan,6.23145965,1703961
swift,6.72486439,5307187
swiftlet,3.509336958,3231
swine,6.081945041,1207661
swordfish,5.201525482,159047
swordtail,3.780821176,6037
t rex,3.470263447,2953
tabby,5.250627341,178085
tabby cat,4.138807765,13766
tadpole,5.208922147,161779
tadpole shrimp,2.963787827,920
taipan,4.017033339,10400
takahe,3.501333179,3172
takin,5.341377142,219471
tamarin,4.401762302,25221
tammar wallaby,3.103119254,1268
tanager,4.944635635,88031
tapeworm,5.164736412,146129
tapir,4.948750293,88869
tarantula,5.008067622,101875
tardigrade,3.509874285,3235
tarpon,5.031444822,107509
tarsier,4.09680577,12497
tasmanian devil,3.998477303,9965
tautog,4.051306911,11254
tawny owl,3.717337583,5216
teacup chihuahua,2.004321374,101
teleost,4.783474788,60740
teleost fish,4.074304344,11866
tench,5.004325674,101001
tent caterpillar,4.257126358,18077
termite,5.269814044,186129
tern,5.623744311,420479
terrapin,4.968767715,93061
terrier,5.578885508,379215
tetra,5.180031204,151367
tetrapod,4.429364632,26876
theropod,4.335778739,21666
theropod dinosaur,3.331832044,2147
thorny devil,3.016615548,1039
thoroughbred,5.421371912,263859
threadfin,3.844787719,6995
thresher shark,3.485011215,3055
thrip,3.83372069,6819
thrush,5.684989803,484161
thylacine,3.922621672,8368
tick,6.01822018,1042846
tiger,6.38952206,2452009
tiger beetle,3.749968084,5623
tiger cub,3.77151399,5909
tiger moth,3.90227492,7985
tiger rattlesnake,2.773054693,593
tiger salamander,3.909127942,8112
tiger shark,4.132771829,13576
tigon,3.253338005,1792
tigress,4.984144606,96415
tilapia,4.803702873,63636
tilefish,3.870696458,7425
timber rattlesnake,3.743744879,5543
timber wolf,4.295149097,19731
titanosaur,2.995196292,989
titi,4.698239776,49916
titi monkey,3.11991541,1318
titmouse,5.029777306,107097
toad,5.885895277,768945
toadfish,4.060320029,11490
tobacco budworm,3.808616035,6436
tobacco hornworm,3.829046337,6746
tody,4.395413767,24855
tom turkey,3.352182518,2250
tomato hornworm,3.3872118,2439
tomcat,5.160411502,144681
toothed whale,3.442322956,2769
tortes,3.945517822,8821
tortoise,5.793371249,621400
tortoiseshell,4.887965946,77262
tortuga,4.732039746,53956
toucan,4.558264451,36163
towhee,4.581483158,38149
toy poodle,3.848497018,7055
toy spaniel,3.409425869,2567
tragopan,3.556302501,3600
trapdoor spider,3.255031163,1799
tree shrew,4.006808208,10158
treefrog,4.062017599,11535
trematode,4.460100655,28847
trepang,3.973035441,9398
triceratops,4.509578837,32328
triggerfish,4.088455045,12259
trilobite,4.67420875,47229
tripletail,3.022428371,1053
trogon,4.349743634,22374
trotter,5.5450113,350761
trout,6.393416723,2474097
trumpeter,5.383989408,242097
trumpeter swan,4.06807449,11697
tsetse,5.00634622,101472
tsetse fly,4.641017762,43754
tuatara,4.079072659,11997
tubeworm,3.136086097,1368
tufted puffin,3.469969209,2951
tufted titmouse,3.995591324,9899
tuna,5.942652316,876299
tundra swan,3.423900919,2654
tunicate,4.255610158,18014
tunny,4.668302032,46591
turbot,4.854973674,71610
turkey,6.767768346,5858256
turkey buzzard,4.088277876,12254
turkey vulture,4.283640389,19215
turtle,6.229758099,1697298
turtle dove,4.304231942,20148
turtledove,4.407985421,25585
tusker,4.237166583,17265
tussock moth,4.161128325,14492
tyrannosaur,4.003589767,10083
tyrannosaurus,4.715727646,51967
tyrannosaurus rex,4.39119984,24615
ungulate,4.567931673,36977
unicorn,5.573452982,374501
upland sandpiper,3.598899887,3971
urchin,5.536063267,343608
vampire bat,4.240499327,17398
vaquita,3.273464273,1877
varmint,4.72223893,52752
veal,5.902221616,798402
veery,4.317624643,20779
velociraptor,3.923761961,8390
venomous lizard,2.717670503,522
vermin,5.627094338,423735
vertebrate,5.826895944,671268
vervet monkey,3.743666521,5542
vesper sparrow,4.051191125,11251
vicuna,4.719844843,52462
vinegarroon,2.899820502,794
viper,5.482042773,303419
vireo,5.0841686,121386
vizsla,3.534026106,3420
vole,5.130533176,135062
vulture,5.633869236,430397
wagtail,4.558108302,36150
wahoo,4.79787665,62788
wallaby,4.54036702,34703
wallaroo,3.687261346,4867
walleye,4.872348602,74533
walleyed pike,3.611510887,4088
walrus,5.417803723,261700
wandering albatross,3.771734425,5912
wapiti,4.63873878,43525
warbler,5.618819722,415738
warthog,4.367989194,23334
wasp,5.783422589,607327
water bear,3.204391332,1601
water buffalo,4.879256487,75728
water bug,4.027186462,10646
water moccasin,4.09895506,12559
water snake,4.440168892,27553
waterbird,3.842546836,6959
waterbuck,4.173098818,14897
waterfowl,5.501579556,317380
waxwing,4.393820795,24764
weakfish,4.264817823,18400
weasel,5.598789413,396999
webworm,4.275334393,18851
weevil,5.384708161,242498
weimaraner,3.94605906,8832
western lowland gorilla,2.980457892,956
western meadowlark,3.955302823,9022
western tanager,3.784474644,6088
westie,4.048441804,11180
whale,6.338615042,2180796
whale shark,4.039691662,10957
wheatear,4.04402991,11067
whelk,4.455986239,28575
whelp,4.93445805,85992
whiff,5.476927227,299866
whippet,4.388758188,24477
whippoorwill,4.73084685,53808
whipsnake,3.401917251,2523
whiptail,3.967735132,9284
whirligig beetle,3.216165902,1645
white marlin,3.747100931,5586
white tailed deer,3.09482038,1244
white tiger,4.251078264,17827
white wolf,4.572488232,37367
whitebait,4.247359422,17675
whitefish,5.146025654,139967
whitefly,4.391164552,24613
whitetail deer,4.169880073,14787
whiting,5.853660498,713938
whooper,3.910037124,8129
whooper swan,3.228913406,1694
whooping crane,4.384317565,24228
widgeon,4.521621817,33237
widow spider,4.363762359,23108
wiener dog,3.079543007,1201
wigeon,4.19075178,15515
wiggler,4.325495139,21159
wild boar,5.267131818,184983
wild dog,4.58868619,38787
wildcat,5.477536531,300287
wildebeest,4.704776617,50673
willet,5.062514297,115482
winkle,5.446175104,279367
winter wren,4.144511939,13948
wireworm,4.037267095,10896
wolf,6.745548976,5566074
wolf cub,3.755188586,5691
wolf pup,3.592620821,3914
wolf spider,3.773567049,5937
wolffish,3.357172258,2276
wolfhound,4.520575229,33157
wolverine,5.156106757,143254
wolves,6.265703918,1843758
woman,7.866155855,73477751
wombat,4.477613176,30034
wood pewee,4.109882143,12879
wood stork,3.754577656,5683
wood thrush,4.477439621,30022
woodchuck,5.028713554,106835
woodcock,5.496351126,313582
woodcock snipe,1.792391689,62
woodland caribou,4.005094675,10118
woodpecker,5.589297111,388416
woodworm,4.049799278,11215
woolly adelgid,3.332236415,2149
woolly bear,3.630427875,4270
woolly mammoth,4.217931169,16517
woolly monkey,3.630427875,4270
woolly rhinoceros,4.00479411,10111
worm,6.383063674,2415815
wrasse,4.416540658,26094
wren,5.85059294,708913
wriggler,3.515741417,3279
xerus,3.114277297,1301
yak,5.193625418,156180
yearling,5.284110253,192358
yellow lab,3.638788667,4353
yellow labrador,3.517195898,3290
yellow perch,4.546098271,35164
yellow warbler,4.3622185,23026
yellowfin,4.562637783,36529
yellowfin croaker,2.536558443,344
yellowfin tuna,4.309459822,20392
yellowhammer,4.034668556,10831
yellowjacket,3.919548759,8309
yellowlegs,4.278707883,18998
yellowtail,4.616800981,41381
yellowtail flounder,3.370142847,2345
yellowtail snapper,3.408239965,2560
yellowthroat,4.202570046,15943
yorkie,4.18593859,15344
yorkshire terrier,4.076713245,11932
zebra,5.561689192,364493
zebra finch,3.920227711,8322
zebra fish,3.750662646,5632
zebra mussel,4.004192356,10097
zebrafish,4.675393353,47358
zebu,4.489466281,30865
zooplankton,5.209662435,162055
zorillo,3.006037955,1014
UNK,0.0001,1